variable,feature,lag,cor_log_incidence,cor_cases,cor_outbreak,cor_large_outbreak,peak_lift,selection_score,selected,group
dengue_cases,dengue_cases_lag1,1,0.30955781608213373,0.5890237905241231,0.47234529228732225,0.4628396567703892,2.6827552186134813,0.4705179838973784,TRUE,case
dengue_cases,dengue_cases_lag2,2,0.2870577383189521,0.5547353208292223,0.4481861054849688,0.4373793109148458,2.5334192110775837,0.4424896103668381,TRUE,case
dengue_cases,dengue_cases_lag3,3,0.2754805051029821,0.5380837332619355,0.4340704961977982,0.41807302652424233,2.418751547707946,0.42677722445174066,FALSE,case
dengue_cases,dengue_cases_lag4,4,0.2620758901076346,0.5180879474923572,0.4160329566858501,0.40227871580303953,2.3246376031047538,0.40933136875459913,FALSE,case
dengue_cases,dengue_cases_lag5,5,0.24699847706053393,0.49447608257141457,0.40474923105387645,0.38637726682625917,2.2301170549886904,0.3915484822191573,FALSE,case
dengue_cases,dengue_cases_lag6,6,0.23445229230333087,0.46430291709569793,0.3900191782511419,0.35517311028795984,2.047589307043338,0.36899681256462186,FALSE,case
dengue_cases,dengue_cases_lag7,7,0.2196656550594406,0.4430359822467595,0.3706090681363106,0.3381886629455727,1.9473646717799,0.35019053172964976,FALSE,case
dengue_cases,dengue_cases_lag8,8,0.20756169471424574,0.4273706076297604,0.36113204230913154,0.31200091827614695,1.794437609044936,0.33419156921243737,FALSE,case
dengue_cases,dengue_cases_lag9,9,0.19249049627721776,0.4108880269720918,0.34643583021354063,0.29502576774322664,1.6947883232434193,0.3176742966597415,FALSE,case
dengue_cases,dengue_cases_lag10,10,0.1850680795671977,0.39711069883705963,0.3404110827687169,0.29295476879190013,1.6808845221902338,0.30929947296907434,FALSE,case
dengue_cases,dengue_cases_lag11,11,0.17288030860526518,0.37639709670095434,0.3175129294051248,0.2722091000821019,1.559985283721317,0.29015048764005286,FALSE,case
dengue_cases,dengue_cases_lag12,12,0.16037636431857522,0.3624641847488277,0.3107318304038865,0.2635689939814081,1.5086604079196757,0.27851858854706235,FALSE,case
dengue_cases,dengue_cases_lag13,13,0.14772639573003016,0.34142322061541064,0.29613470221400995,0.24980808062749046,1.4281759676783787,0.26214188599032445,FALSE,case
dengue_cases,dengue_cases_lag14,14,0.14244216826902084,0.3255690090755211,0.2880957012536314,0.23397904071829875,1.3360693574889484,0.2508103285641856,FALSE,case
dengue_cases,dengue_cases_lag15,15,0.12720652666498508,0.3011185774830313,0.2676771497616784,0.2080239797673855,1.1864269325239678,0.2289694677154612,FALSE,case
dengue_cases,dengue_cases_lag16,16,0.11580051083520161,0.2897688310115882,0.2575627322857555,0.19868330465174308,1.1317832253647155,0.21770475877420098,FALSE,case
dengue_cases,dengue_cases_lag17,17,0.11261481976264953,0.28367571812806397,0.24998799906474184,0.19368392608413562,1.101966689260531,0.21225000626438398,FALSE,case
dengue_cases,dengue_cases_lag18,18,0.10309528594047719,0.26796074294462824,0.24068173144302996,0.18487887451316576,1.0505915542182374,0.20060566593944867,FALSE,case
dengue_cases,dengue_cases_lag19,19,0.10064843062806912,0.26288487647938213,0.23836142846355093,0.18887714941401199,1.0720041846460915,0.19851915070851842,FALSE,case
dengue_cases,dengue_cases_lag20,20,0.09181913132823165,0.24748574843442278,0.22383001126033997,0.16966180584290072,0.9617679471049662,0.18414406911664874,FALSE,case
dengue_incidence_10000,dengue_incidence_10000_lag1,1,0.2478904529581032,0.1834396921998129,0.1718092838305781,0.11228352362529158,0.6508284339226663,0.19823091588930258,TRUE,case
dengue_incidence_10000,dengue_incidence_10000_lag2,2,0.22192380395289332,0.16589444712303866,0.15475433545489498,0.10391108052006522,0.6018810699697804,0.17881499182957278,TRUE,case
dengue_incidence_10000,dengue_incidence_10000_lag3,3,0.21354498054193927,0.15733518666192184,0.14464736588608065,0.09750976627781816,0.5641404327477207,0.1700240895390486,FALSE,case
dengue_incidence_10000,dengue_incidence_10000_lag4,4,0.20768909581317269,0.14881486936848962,0.1380807324507904,0.09071694454046896,0.5242236594563434,0.16276054628030134,FALSE,case
dengue_incidence_10000,dengue_incidence_10000_lag5,5,0.17848197844382654,0.13463900720027405,0.12519015598428965,0.08343966279905632,0.48160238981193465,0.14426909858905063,FALSE,case
dengue_incidence_10000,dengue_incidence_10000_lag6,6,0.17884473950837915,0.1267101862858889,0.11934219022224327,0.07501168397234982,0.4324458061650437,0.13918575125813373,FALSE,case
dengue_incidence_10000,dengue_incidence_10000_lag7,7,0.17288795821493116,0.11637681721038867,0.10787309370548595,0.0684912464422164,0.39438765477055854,0.13042070150317064,FALSE,case
dengue_incidence_10000,dengue_incidence_10000_lag8,8,0.15754791399535176,0.1071034063116387,0.10198328622070071,0.05695708656966002,0.3275821712573959,0.1188248605472608,FALSE,case
dengue_incidence_10000,dengue_incidence_10000_lag9,9,0.12559807324917172,0.09606754885499032,0.09388918265099719,0.05207515275337422,0.2991479744074331,0.10175074167270128,FALSE,case
dengue_incidence_10000,dengue_incidence_10000_lag10,10,0.12611872142002042,0.09077132492721673,0.09058696791216092,0.05167754944623903,0.2965099130079779,0.09959993038569454,FALSE,case
dengue_incidence_10000,dengue_incidence_10000_lag11,11,0.12803300339191473,0.08315156987995587,0.08061640574703398,0.0433527104335941,0.24844720571836648,0.09435636110589589,FALSE,case
dengue_incidence_10000,dengue_incidence_10000_lag12,12,0.10270631120455917,0.07318863699435105,0.0706532040372526,0.04162009523813506,0.23823208076077215,0.08016698503051124,FALSE,case
dengue_incidence_10000,dengue_incidence_10000_lag14,14,0.097965807161419,0.0603563558493873,0.06250120945895125,0.032385233062019965,0.18492646775915664,0.07121581225529103,FALSE,case
dengue_incidence_10000,dengue_incidence_10000_lag13,13,0.08688135200402601,0.06344389456798166,0.06427307893666369,0.03701831125025483,0.2116371190209255,0.06952537380117724,FALSE,case
dengue_incidence_10000,dengue_incidence_10000_lag15,15,0.075580796843638,0.04812699169563139,0.04885638511157013,0.023521737880158468,0.13415195378977407,0.05525069311078882,FALSE,case
dengue_incidence_10000,dengue_incidence_10000_lag16,16,0.06466605072769843,0.04030229313383965,0.042211882466988315,0.018408609995231178,0.1048631440447497,0.04675476225517962,FALSE,case
dengue_incidence_10000,dengue_incidence_10000_lag17,17,0.06249755584598348,0.03755655548690358,0.034012327784869824,0.01690970433152352,0.09620793669048612,0.04323801279379971,FALSE,case
dengue_incidence_10000,dengue_incidence_10000_lag18,18,0.06374426253267391,0.03328202269831304,0.035772520855421736,0.013927604907585735,0.07914492191168508,0.042161445389634115,FALSE,case
dengue_incidence_10000,dengue_incidence_10000_lag19,19,0.051378936637776366,0.030374108961464905,0.03201774836010427,0.015862668670152742,0.09003125707325166,0.036585198001918194,FALSE,case
dengue_incidence_10000,dengue_incidence_10000_lag20,20,0.04654672341808003,0.0252328387279104,0.028308673868520783,0.010841734884809627,0.06145893032004571,0.03163142858222034,FALSE,case
target_log_incidence,target_log_incidence_lag1,1,0.3119060897882899,0.3078226868024278,0.2882510076362078,0.1918579128972407,1.112065072322872,0.2968843481556433,TRUE,case
target_log_incidence,target_log_incidence_lag2,2,0.28631210252300326,0.2867463935244943,0.26759831623522207,0.1805642851493265,1.0458771524273331,0.2752405315761654,TRUE,case
target_log_incidence,target_log_incidence_lag3,3,0.27462304513362246,0.2737726015004755,0.25326711051694384,0.1725993512809123,0.9985694388519021,0.2628060274592555,FALSE,case
target_log_incidence,target_log_incidence_lag4,4,0.2635724751942893,0.26206643395647633,0.24243087491429094,0.16332792227827897,0.9438188359239391,0.25141957764769585,FALSE,case
target_log_incidence,target_log_incidence_lag5,5,0.23936194978919959,0.24484469883387042,0.22674835445922578,0.1537270810244255,0.8872918108558892,0.23274066791826684,FALSE,case
target_log_incidence,target_log_incidence_lag6,6,0.23703644952908187,0.23334340596425984,0.2206179301398217,0.14109035367676112,0.8133923733745991,0.22475494007634034,FALSE,case
target_log_incidence,target_log_incidence_lag7,7,0.22051328128001943,0.2154203206812411,0.20131233680378358,0.1288417237970817,0.7418989704119194,0.20731736723304267,FALSE,case
target_log_incidence,target_log_incidence_lag8,8,0.2052040615694196,0.20340599050937289,0.1932826355687881,0.11401116581893714,0.6557221839550026,0.19382956546367677,FALSE,case
target_log_incidence,target_log_incidence_lag9,9,0.18142350025374787,0.19202384086339397,0.18446479284986328,0.10622337551552548,0.6102047886190427,0.17879075327967253,FALSE,case
target_log_incidence,target_log_incidence_lag10,10,0.1784327043485028,0.18359233426263438,0.17842229783295446,0.10621630957725392,0.6094365736887097,0.17399251355322773,FALSE,case
target_log_incidence,target_log_incidence_lag11,11,0.17127308185111553,0.17059495925825266,0.16221796897952453,0.09554448160101484,0.5475496043218833,0.16224793512007069,FALSE,case
target_log_incidence,target_log_incidence_lag12,12,0.14756528602111282,0.15901319252364032,0.15341266433478137,0.09148471983407834,0.5236555805645895,0.1479104057242555,FALSE,case
target_log_incidence,target_log_incidence_lag13,13,0.13307469212393014,0.14609054116247933,0.1429537968857297,0.08375459305685067,0.47883277646209316,0.13535006954931858,FALSE,case
target_log_incidence,target_log_incidence_lag14,14,0.13622400791533243,0.14053180244768104,0.13889179285016298,0.07877145017193489,0.44980148802398756,0.13299013855896322,FALSE,case
target_log_incidence,target_log_incidence_lag15,15,0.11282029756044594,0.12401326301825798,0.11991099716841647,0.06748374219190408,0.3848812489221012,0.11383634418654219,FALSE,case
target_log_incidence,target_log_incidence_lag16,16,0.09814652635789822,0.11360392980771741,0.11230515357888202,0.060574884236594705,0.34505988254700043,0.10270198034946547,FALSE,case
target_log_incidence,target_log_incidence_lag17,17,0.0959649163656544,0.10791464080591832,0.09948204080478797,0.05708182380784047,0.3247676231446003,0.09697949723057286,FALSE,case
target_log_incidence,target_log_incidence_lag18,18,0.09249835873323206,0.10013131132432351,0.10031393507715428,0.05094520543772293,0.2895009104268505,0.09239614168691226,FALSE,case
target_log_incidence,target_log_incidence_lag19,19,0.08510762439765011,0.09881107883934113,0.09818652522446994,0.05472625284907008,0.3106080972150951,0.08971772414103246,FALSE,case
target_log_incidence,target_log_incidence_lag20,20,0.07997396634605144,0.09068927932315825,0.09222594793486259,0.04628523879216545,0.26237878828703415,0.08264436528903844,FALSE,case
rainfall,rainfall_lag20,20,0.04715378623097918,0.04473352665641337,0.04538877780049947,0.025501327321178175,0.14456028638827176,0.04396110957645564,TRUE,environment
rainfall,rainfall_lag17,17,0.04276895147470534,0.03728078789732883,0.029037807340948168,0.02622654603846935,0.14921620348928255,0.03707052218220346,TRUE,environment
rainfall,rainfall_lag18,18,0.034761208192487375,0.037690887551757014,0.03260144559934981,0.029745285232348897,0.16903037486098474,0.03578567969035228,FALSE,environment
rainfall,rainfall_lag1,1,0.03788175877010911,0.03643682262295771,0.03644604412036144,0.02138716115992562,0.12396629677433334,0.03568369224272924,FALSE,environment
rainfall,rainfall_lag4,4,0.03883861413641979,0.03610629457977686,0.03031018029589467,0.02094882015696418,0.12105640491484704,0.03459992814513612,FALSE,environment
rainfall,rainfall_lag2,2,0.0352216356757273,0.03548612310091185,0.030753368895519925,0.024078874270614673,0.13947134941068248,0.033856493113121604,FALSE,environment
rainfall,rainfall_lag19,19,0.03469547799601249,0.03515334216481497,0.035846687503377495,0.016439644369578246,0.093305980232155,0.0330578215562181,FALSE,environment
rainfall,rainfall_lag3,3,0.03746193754938992,0.033000950573198524,0.028818335992731207,0.019625134243743576,0.1135407472977398,0.03263048972546229,FALSE,environment
rainfall,rainfall_lag6,6,0.031025648127202647,0.029916881023625903,0.026577283147314956,0.024400340922125143,0.14066908711621987,0.029934016658554535,FALSE,environment
rainfall,rainfall_lag5,5,0.032813595933299064,0.027956493555550063,0.030663882947158414,0.015181620847580516,0.08762625160226996,0.028983082844213925,FALSE,environment
rainfall,rainfall_lag16,16,0.03080343951481116,0.027628166176284632,0.02649774659870031,0.01615877283366998,0.0920471303784029,0.027519199125816404,FALSE,environment
rainfall,rainfall_lag15,15,0.028232758214032882,0.021947749842755625,0.01969107364014341,0.014090582965754876,0.08036307715532212,0.023152447971597732,FALSE,environment
rainfall,rainfall_lag7,7,0.01919918796267763,0.021516448422493492,0.017036953798638014,0.013299771074712629,0.07658300584261384,0.019188401611594318,FALSE,environment
rainfall,rainfall_lag13,13,0.019441620392719357,0.019868967575795114,0.017850999672990784,0.014326480686651601,0.08190581897815666,0.019133202396422903,FALSE,environment
rainfall,rainfall_lag12,12,0.020074356935206306,0.01714476329205102,0.018895806621395027,0.009211456002446158,0.05272607664940895,0.017748528783617948,FALSE,environment
rainfall,rainfall_lag14,14,0.025232234304549957,0.014349001826736298,0.014723667448310366,0.00386783303161994,0.022086137206422583,0.01683560163421115,FALSE,environment
rainfall,rainfall_lag8,8,0.008466760104358172,0.011151442128575627,0.011888962669763768,0.0068906878367497116,0.03963100327619131,0.010036176713995627,FALSE,environment
rainfall,rainfall_lag11,11,0.011093407515199348,0.006078463009122592,0.006405566172595875,0.002957461292070424,0.016948721017652033,0.007565569580410301,FALSE,environment
rainfall,rainfall_lag10,10,0.008541248423880616,0.00558201544772157,0.008596889589241805,0.0011752009503783656,0.006742942254755318,0.0066133219664734726,FALSE,environment
rainfall,rainfall_lag9,9,0.012509041069883528,2.3796087487157778e-4,0.0015267173850552463,0.0062861164655850805,0.036110868798812944,0.005985355573803815,FALSE,environment
rh,rh_lag20,20,0.11872174076076951,0.12070034431236548,0.10898812161447452,0.08409536094127265,0.47671438056259374,0.11591511265304437,TRUE,environment
rh,rh_lag19,19,0.11211813540083822,0.1148142413413954,0.10308215736698653,0.08091055335006046,0.4592215208036708,0.11004679861450986,TRUE,environment
rh,rh_lag18,18,0.10515143596635333,0.10695186269662434,0.09364321899090436,0.07893799378694207,0.44857255769383136,0.10298721386898324,FALSE,environment
rh,rh_lag17,17,0.09832198812828181,0.0951188303799377,0.08385970049412585,0.06725756072302573,0.38266258350889026,0.09282375085515585,FALSE,environment
rh,rh_lag16,16,0.08622798043628976,0.08431316641020267,0.07636315290111473,0.056474659191256986,0.32170328584831753,0.08175556100591615,FALSE,environment
rh,rh_lag15,15,0.07690765870308769,0.07368865287544946,0.06767934140905381,0.04601641469574586,0.26244625167896485,0.07153589035475029,FALSE,environment
rh,rh_lag14,14,0.0720600412542316,0.0650353332469718,0.05781547709957348,0.0384310592181086,0.21944940219707026,0.06379530579141598,FALSE,environment
rh,rh_lag13,13,0.06022145072905702,0.05976905769092185,0.05285692083583435,0.0380351255757799,0.2174503408956625,0.05700729413545241,FALSE,environment
rh,rh_lag1,1,0.05806691913919555,0.05330285913246451,0.05148369283726051,0.034257035515411524,0.19856388597290803,0.05334611965699952,FALSE,environment
rh,rh_lag2,2,0.05710634624343688,0.05235916832254135,0.04771731258547964,0.032083905748317765,0.18583865579616687,0.05154413570382913,FALSE,environment
rh,rh_lag3,3,0.057501602740988624,0.047846498924335026,0.044167742770354373,0.028034321556707244,0.16219190039166909,0.04881968968624927,FALSE,environment
rh,rh_lag4,4,0.05325461586606452,0.043455153031647785,0.043440975020693086,0.0183031312666929,0.1057678309548004,0.04395696677600483,FALSE,environment
rh,rh_lag12,12,0.04471495475346023,0.040233338842550634,0.03601731315210823,0.027319441366795205,0.15637559997532716,0.040261902583166226,FALSE,environment
rh,rh_lag6,6,0.043861028352201,0.03391940208016433,0.03783540799948173,0.01671410170261118,0.09635756464086694,0.03637163172815823,FALSE,environment
rh,rh_lag5,5,0.045085006846585375,0.03405874281846822,0.03819224634458826,0.013371108646642274,0.07717622128957002,0.03625920573025339,FALSE,environment
rh,rh_lag7,7,0.02280894999720111,0.022431392741129912,0.02232104526927226,0.010043362120828873,0.05783188713493588,0.021144960372878965,FALSE,environment
rh,rh_lag11,11,0.022346359073465244,0.02081028573401736,0.014040242463134844,0.014734870732228247,0.08444310458273237,0.01975323203814671,FALSE,environment
rh,rh_lag8,8,0.01833119967617489,0.012586022548412824,0.017086877006451485,0.005536265330991008,0.03184119707534148,0.014693415203496814,FALSE,environment
rh,rh_lag10,10,0.009820474927489158,0.009376898685067171,0.008366144531268788,0.006820154802722202,0.039131954388380796,0.009257679456473683,FALSE,environment
rh,rh_lag9,9,0.0015664364420613045,0.0050477984144289235,0.004405243082966623,0.008575760726439374,0.04926382958874291,0.004622280794766444,FALSE,environment
temp_c,temp_c_lag12,12,0.15615858691319057,0.12829419531574657,0.11986700543469465,0.07408812480686247,0.424078033021308,0.13159394479898764,TRUE,environment
temp_c,temp_c_lag11,11,0.15334580220775568,0.12506368781315233,0.11719041378559748,0.07342101104433763,0.4207636579709,0.12898304861106177,TRUE,environment
temp_c,temp_c_lag13,13,0.15187525478982591,0.12465507364756688,0.11675748213072737,0.07080040569239951,0.4047724861552598,0.12773060636868222,FALSE,environment
temp_c,temp_c_lag10,10,0.15199346944057907,0.12394074821504326,0.11797281089148416,0.07018877346904533,0.4027216330309915,0.1277054055111002,FALSE,environment
temp_c,temp_c_lag9,9,0.14931547652983765,0.11912469343121737,0.11272028992826215,0.06517090090527812,0.3743770676535207,0.12329859068521397,FALSE,environment
temp_c,temp_c_lag14,14,0.14813582103406384,0.1183999609100323,0.11297562520428195,0.0658282844838286,0.3758932998338364,0.12281036745473523,FALSE,environment
temp_c,temp_c_lag8,8,0.14101290679852663,0.11473298053240608,0.10509525732665566,0.06667768705428852,0.3834890933364552,0.11785271659890706,FALSE,environment
temp_c,temp_c_lag15,15,0.14063808672936862,0.10953668989119755,0.10349452722703674,0.06388577675593407,0.36436090777760993,0.11524450223993254,FALSE,environment
temp_c,temp_c_lag16,16,0.13448520961700583,0.10487742992263949,0.10033831258783624,0.06365897815191748,0.36262817202306685,0.11101041554255399,FALSE,environment
temp_c,temp_c_lag7,7,0.12891342964356423,0.10367316920755897,0.09883267286998211,0.05842756097827358,0.3364387411894775,0.10743825416249692,FALSE,environment
temp_c,temp_c_lag17,17,0.12767690162297143,0.10132651146277646,0.09471023828162843,0.06432732374139982,0.36599096975821743,0.1065594985333089,FALSE,environment
temp_c,temp_c_lag18,18,0.11495742492021187,0.09406842136831821,0.08753741298095136,0.062383654974113634,0.35450097353960053,0.09810982278516459,FALSE,environment
temp_c,temp_c_lag6,6,0.11242966954502424,0.09035320854173924,0.08350097402356503,0.0496191552763273,0.28605671085599244,0.09288606908322586,FALSE,environment
temp_c,temp_c_lag19,19,0.10673639177646778,0.08616272584808547,0.08089896118071742,0.054569433994503216,0.30971804554455706,0.09000525793752578,FALSE,environment
temp_c,temp_c_lag20,20,0.10225485574353453,0.08059913331032334,0.0740502003502917,0.05206051137207392,0.2951172827143228,0.08490365208917186,FALSE,environment
temp_c,temp_c_lag5,5,0.0994958322602433,0.07998723331840481,0.07269127412403044,0.04767763744341312,0.27518884125881354,0.08271221054340089,FALSE,environment
temp_c,temp_c_lag4,4,0.08712210316654019,0.0659396266648938,0.0611241786630336,0.03949552167880293,0.22823174876614227,0.07025287448767992,FALSE,environment
temp_c,temp_c_lag3,3,0.0722055570947831,0.05210505442515421,0.04679231269469434,0.030659346080789476,0.17737891717394072,0.05628417374397051,FALSE,environment
temp_c,temp_c_lag2,2,0.05859121507389756,0.03603133760752277,0.031600351600908926,0.02044146821763333,0.11840251005202032,0.04165391886759977,FALSE,environment
temp_c,temp_c_lag1,1,0.04332609134902204,0.02322241823030362,0.018047082197965945,0.011872211748220394,0.06881484233439551,0.02807440909457062,FALSE,environment
u_component_of_wind_10m,u_component_of_wind_10m_lag5,5,0.14338636486912562,0.13334262632037727,0.11772658742315921,0.09134038033372809,0.52720425739078,0.13165410874149147,TRUE,environment
u_component_of_wind_10m,u_component_of_wind_10m_lag6,6,0.14058770959585717,0.13285740844003574,0.11744808895998177,0.08992830825534001,0.518440830922109,0.13018605002345957,TRUE,environment
u_component_of_wind_10m,u_component_of_wind_10m_lag4,4,0.13870683190502764,0.13160753117124313,0.11617714249287904,0.08935360244012142,0.5163453498398449,0.12880619509138463,FALSE,environment
u_component_of_wind_10m,u_component_of_wind_10m_lag3,3,0.1344192974192904,0.1291303301401155,0.11864986150151222,0.08673216432854322,0.5017868731919911,0.1265521564251429,FALSE,environment
u_component_of_wind_10m,u_component_of_wind_10m_lag7,7,0.13385893569748775,0.12519841875386456,0.11201263352170285,0.08248373675829739,0.47495949033497653,0.12297704500603333,FALSE,environment
u_component_of_wind_10m,u_component_of_wind_10m_lag8,8,0.1298745382100896,0.12410114465361685,0.1147687557548238,0.08217328473100591,0.4726102519906104,0.12173434892685861,FALSE,environment
u_component_of_wind_10m,u_component_of_wind_10m_lag2,2,0.1243851637172373,0.1217187648497772,0.10997922676677627,0.08022974419219278,0.46471236796699816,0.11781446266132403,FALSE,environment
u_component_of_wind_10m,u_component_of_wind_10m_lag9,9,0.12707367452095844,0.1165712835883675,0.10719792623351415,0.07438140464341304,0.4272872062798615,0.11544635030788752,FALSE,environment
u_component_of_wind_10m,u_component_of_wind_10m_lag1,1,0.11677862004556476,0.11943922448579845,0.10755976748858843,0.07842293426953577,0.4545624670082333,0.11363457240316234,FALSE,environment
u_component_of_wind_10m,u_component_of_wind_10m_lag10,10,0.12506279973668785,0.11220781446913757,0.10481111217249692,0.07077743921293156,0.4060992166336124,0.11224261088160142,FALSE,environment
u_component_of_wind_10m,u_component_of_wind_10m_lag11,11,0.119440122186467,0.10470591539179588,0.09699091896572262,0.06584942233085254,0.37737213695604294,0.10548847902496605,FALSE,environment
u_component_of_wind_10m,u_component_of_wind_10m_lag12,12,0.11421835897201596,0.09755977298877966,0.0881600656202977,0.06524205177762718,0.3734433970391444,0.09962463245598081,FALSE,environment
u_component_of_wind_10m,u_component_of_wind_10m_lag13,13,0.11291163983451394,0.09766342020443117,0.0917204475120175,0.06164892569167398,0.3524526264362858,0.09920129251558489,FALSE,environment
u_component_of_wind_10m,u_component_of_wind_10m_lag14,14,0.10208625398404592,0.0854284125933995,0.08147230042642574,0.05210269540495111,0.29751730997861764,0.08782206413119313,FALSE,environment
u_component_of_wind_10m,u_component_of_wind_10m_lag15,15,0.08627630330111,0.07308545137930197,0.0694836581720435,0.04420393345333348,0.25210909454168245,0.07464128479128251,FALSE,environment
u_component_of_wind_10m,u_component_of_wind_10m_lag16,16,0.0722696887307333,0.059794971938881926,0.058349939445208214,0.035771888723482276,0.20377164389939198,0.061876253463800976,FALSE,environment
u_component_of_wind_10m,u_component_of_wind_10m_lag17,17,0.061947322783389124,0.04838148130788544,0.05151556861850828,0.027251839216782963,0.1550496195043815,0.051808465337004804,FALSE,environment
u_component_of_wind_10m,u_component_of_wind_10m_lag18,18,0.049293253900089755,0.0391929072614753,0.04025794559409713,0.024010019112074135,0.1364391868286411,0.04173708852064486,FALSE,environment
u_component_of_wind_10m,u_component_of_wind_10m_lag19,19,0.03578687132586566,0.027345961386371558,0.029225103357574746,0.01490593323376628,0.08460114341607924,0.029474826431790682,FALSE,environment
u_component_of_wind_10m,u_component_of_wind_10m_lag20,20,0.014093945153986164,0.01047569124913254,0.01610473180348441,0.005619202493654574,0.031853774164640206,0.012389351024774595,FALSE,environment
v_component_of_wind_10m,v_component_of_wind_10m_lag8,8,0.13015534836866513,0.12003720754584209,0.10882794477918292,0.07948560562612242,0.45715237291089966,0.1188988899264159,TRUE,environment
v_component_of_wind_10m,v_component_of_wind_10m_lag6,6,0.12955171374589405,0.12096770001616668,0.1069761049676789,0.07961390583556179,0.45897782683969873,0.11863965184033318,TRUE,environment
v_component_of_wind_10m,v_component_of_wind_10m_lag7,7,0.1278920856195772,0.11567352319211037,0.10497509454957364,0.075984359385833,0.4375346465346331,0.1153499858818937,FALSE,environment
v_component_of_wind_10m,v_component_of_wind_10m_lag9,9,0.1304026864963411,0.11514591585244738,0.10243810806944652,0.07441352539306446,0.42747172532121525,0.11523821793800294,FALSE,environment
v_component_of_wind_10m,v_component_of_wind_10m_lag5,5,0.1251436030135827,0.11521052353761138,0.10250976578321669,0.07770277265265388,0.4484898399145727,0.11411047920318897,FALSE,environment
v_component_of_wind_10m,v_component_of_wind_10m_lag10,10,0.12480673061580853,0.11031185503813014,0.10214062813336924,0.06880796498907417,0.3947989781918345,0.11066481732241719,FALSE,environment
v_component_of_wind_10m,v_component_of_wind_10m_lag4,4,0.11717656431834082,0.11034593627662036,0.09754744398958365,0.07276659494668211,0.4204944389301146,0.10790996733582557,FALSE,environment
v_component_of_wind_10m,v_component_of_wind_10m_lag11,11,0.11984747268005755,0.10491527425408322,0.09572609465264272,0.0679805253025329,0.38958513524976257,0.10585755476252298,FALSE,environment
v_component_of_wind_10m,v_component_of_wind_10m_lag3,3,0.112484378191491,0.1050531338344907,0.09333742180124982,0.07042242728946992,0.40742727759379216,0.10338565423312923,FALSE,environment
v_component_of_wind_10m,v_component_of_wind_10m_lag12,12,0.11591388593444342,0.09857123409124639,0.08751386188257801,0.06568586931524818,0.3759837942903876,0.100478986183976,FALSE,environment
v_component_of_wind_10m,v_component_of_wind_10m_lag13,13,0.112537118765875,0.09646106596645454,0.08799348127084876,0.06173252194115162,0.3529305539500076,0.09798043570544432,FALSE,environment
v_component_of_wind_10m,v_component_of_wind_10m_lag2,2,0.10432706031587456,0.09829482012523022,0.08517185224287473,0.06650249995050266,0.3852004582451922,0.09610754522917024,FALSE,environment
v_component_of_wind_10m,v_component_of_wind_10m_lag14,14,0.10531633699353261,0.0864771139993527,0.08074791213182463,0.05398804977855134,0.3082830785688533,0.08949029086124317,FALSE,environment
v_component_of_wind_10m,v_component_of_wind_10m_lag1,1,0.09421530249199493,0.09212135074120387,0.07906662352658067,0.059690527410752675,0.34598390954850583,0.08816053703342588,FALSE,environment
v_component_of_wind_10m,v_component_of_wind_10m_lag15,15,0.08949377134860635,0.07289555755506139,0.06773559758497284,0.045414412586902334,0.25901284211637454,0.075596928716155,FALSE,environment
v_component_of_wind_10m,v_component_of_wind_10m_lag16,16,0.08002920283820958,0.06204517250617919,0.05769467353291467,0.03845773064815793,0.21907132316721412,0.06565966923607941,FALSE,environment
v_component_of_wind_10m,v_component_of_wind_10m_lag17,17,0.0684756698277612,0.05187977874742254,0.05013658961806388,0.03211293956088134,0.18270689990837516,0.05581414494211701,FALSE,environment
v_component_of_wind_10m,v_component_of_wind_10m_lag18,18,0.04854860469780175,0.0370122611104489,0.03405053262670704,0.026807813807648764,0.15233791774633876,0.040125543179243876,FALSE,environment
v_component_of_wind_10m,v_component_of_wind_10m_lag19,19,0.033545922638523254,0.02448144280386504,0.024291065212241388,0.015485335018414134,0.08788963617358159,0.026957079578492034,FALSE,environment
v_component_of_wind_10m,v_component_of_wind_10m_lag20,20,0.020843313186920114,0.012371979374173052,0.013482221784556258,0.009127798917276414,0.051743080207634656,0.015478362346440093,FALSE,environment
wind_speed_10m,wind_speed_10m_lag11,11,0.04637215040560496,0.06079677313179861,0.056092442165240994,0.04239852974013666,0.24297895409907597,0.05397727522354778,TRUE,environment
wind_speed_10m,wind_speed_10m_lag12,12,0.04394608185997011,0.06111142663232001,0.05731548967242983,0.03744072262665099,0.21430948689146365,0.052493551619361,TRUE,environment
wind_speed_10m,wind_speed_10m_lag10,10,0.04650442174605303,0.057742350821747564,0.051662601791718166,0.04109638068857036,0.23579841519538638,0.05197138487143327,FALSE,environment
wind_speed_10m,wind_speed_10m_lag9,9,0.044884572294078794,0.05581679677087639,0.048367472722542174,0.042137296403443464,0.24205952737979516,0.05037618897537319,FALSE,environment
wind_speed_10m,wind_speed_10m_lag8,8,0.0460987897235088,0.050299193020951476,0.04520352008173072,0.03460252926086698,0.19901249075058858,0.04704216609778951,FALSE,environment
wind_speed_10m,wind_speed_10m_lag15,15,0.03818668820889996,0.0473310516022171,0.04184527363630487,0.03451520634202383,0.19685120159835442,0.04266608507521605,FALSE,environment
wind_speed_10m,wind_speed_10m_lag7,7,0.036957371318981386,0.04871860093463715,0.04176212712943737,0.03446309352475904,0.19844606916668153,0.04265682950650936,FALSE,environment
wind_speed_10m,wind_speed_10m_lag13,13,0.03625810864370376,0.04839092803265616,0.04473565725008854,0.03226773612410398,0.1844776403542921,0.04245614883675947,FALSE,environment
wind_speed_10m,wind_speed_10m_lag16,16,0.03288595808354631,0.044486655141895745,0.04390361390839031,0.030961957157387646,0.17637226132493064,0.0396725380579756,FALSE,environment
wind_speed_10m,wind_speed_10m_lag14,14,0.03229574070908164,0.04427151780274681,0.040712867578628055,0.0304654479805075,0.17396409258147294,0.03867348444580353,FALSE,environment
wind_speed_10m,wind_speed_10m_lag6,6,0.03537438188550798,0.04276800186721465,0.03804677284896504,0.022165122068374968,0.12778294756487427,0.0371670167894706,FALSE,environment
wind_speed_10m,wind_speed_10m_lag5,5,0.035237300140032055,0.04301313342079877,0.037920483432753845,0.0215794818340563,0.12455383532947607,0.037054937200698516,FALSE,environment
wind_speed_10m,wind_speed_10m_lag4,4,0.026300602455128712,0.03763730885376673,0.02929920375079105,0.02364723317658075,0.13664965428776446,0.03099846182137076,FALSE,environment
wind_speed_10m,wind_speed_10m_lag17,17,0.022093494164290798,0.0356055424159809,0.03228211835853215,0.024187247884313142,0.1376135955497339,0.02958309406826269,FALSE,environment
wind_speed_10m,wind_speed_10m_lag3,3,0.023525953598607208,0.03071938411612751,0.023197758215326204,0.01784771458367986,0.10325752805310631,0.02559518089666911,FALSE,environment
wind_speed_10m,wind_speed_10m_lag2,2,0.008265425150042739,0.022573568324984986,0.016095312991761188,0.015457196161678542,0.08953225889089485,0.015921955829378793,FALSE,environment
wind_speed_10m,wind_speed_10m_lag18,18,0.007307373906043146,0.02084200220177854,0.020837046065341355,0.010762044720235954,0.06115632906646721,0.015073067363848315,FALSE,environment
wind_speed_10m,wind_speed_10m_lag20,20,0.010302762414161523,0.004919972332207328,0.005199464813113878,0.006535162504103208,0.03704610942471965,0.007392802914730488,FALSE,environment
wind_speed_10m,wind_speed_10m_lag19,19,8.134840939941984e-4,0.009119882650140772,0.01106603427795708,0.0019497844604999574,0.011066331247189743,0.005613308383701441,FALSE,environment
wind_speed_10m,wind_speed_10m_lag1,1,0.0018876366790176729,0.007435869724441008,0.0018136374723027957,0.007770817665109394,0.04504195207835391,0.004781942217265885,FALSE,environment
neighbor_cases_mean,neighbor_cases_mean_lag1,1,0.3232493453991308,0.44824662194029324,0.4196427510434077,0.2775318754426463,1.6086566395856734,0.3861039392178245,TRUE,neighbor
neighbor_cases_mean,neighbor_cases_mean_lag2,2,0.3042927985857395,0.4243039213929295,0.4016584783973619,0.26357443727301594,1.5266943955749346,0.36592770192257723,TRUE,neighbor
neighbor_cases_mean,neighbor_cases_mean_lag3,3,0.2873691146291027,0.40248358715398036,0.38013567396654513,0.24503882779168834,1.417666307486835,0.3454830556303051,FALSE,neighbor
neighbor_cases_mean,neighbor_cases_mean_lag4,4,0.27403576811758046,0.38459158336798194,0.36736350578879384,0.22747356591517823,1.3144956073734742,0.3294183117237156,FALSE,neighbor
neighbor_cases_mean,neighbor_cases_mean_lag5,5,0.2594050495579465,0.37019294487546633,0.3524938749877413,0.22275724955481016,1.2857245594962057,0.31605289341922055,FALSE,neighbor
neighbor_cases_mean,neighbor_cases_mean_lag6,6,0.24375554079354375,0.34917652000919597,0.33106016205582695,0.20303239697498776,1.1704911009572738,0.29609085240511784,FALSE,neighbor
neighbor_cases_mean,neighbor_cases_mean_lag7,7,0.22690978301126166,0.3267403391125364,0.31787071127484007,0.18687310745555274,1.0760564362932534,0.2776362527264467,FALSE,neighbor
neighbor_cases_mean,neighbor_cases_mean_lag8,8,0.21461643812507405,0.312857792922543,0.3080414917206892,0.17562662307973192,1.0100964421535927,0.26497899257520974,FALSE,neighbor
neighbor_cases_mean,neighbor_cases_mean_lag9,9,0.1993278495024342,0.29623306837535984,0.2881179053214812,0.16290697915959781,0.9358262096057646,0.24814605031214534,FALSE,neighbor
neighbor_cases_mean,neighbor_cases_mean_lag10,10,0.187896242464724,0.2814642479316675,0.27613205686196607,0.15251637458048217,0.8750921324318157,0.23526587694645867,FALSE,neighbor
neighbor_cases_mean,neighbor_cases_mean_lag11,11,0.17778416093977986,0.2673019501044354,0.26411271635322614,0.1412927946992029,0.8097256127269523,0.22286229097960164,FALSE,neighbor
neighbor_cases_mean,neighbor_cases_mean_lag12,12,0.16463886741295766,0.2549437457028361,0.2518614085480441,0.13096037042645095,0.749612929879168,0.21006859488895943,FALSE,neighbor
neighbor_cases_mean,neighbor_cases_mean_lag13,13,0.15037393492076373,0.236173121445032,0.2393074223468431,0.11830599707403985,0.6763663584191789,0.19444767047286915,FALSE,neighbor
neighbor_cases_mean,neighbor_cases_mean_lag14,14,0.13579431324993788,0.21940677007128506,0.22387878272529718,0.10987300607414743,0.6273978905627382,0.17956972932071694,FALSE,neighbor
neighbor_cases_mean,neighbor_cases_mean_lag15,15,0.12437504818671546,0.2053209500259103,0.211074675890272,0.09723793008257912,0.5545788480921066,0.16630926086097092,FALSE,neighbor
neighbor_cases_mean,neighbor_cases_mean_lag16,16,0.11216552865187293,0.1909443556411027,0.19594426886067923,0.09131842769077216,0.520187968356626,0.15353173773430984,FALSE,neighbor
neighbor_cases_mean,neighbor_cases_mean_lag17,17,0.10059664777133359,0.18060559234139698,0.18701881014400737,0.08463108861702703,0.481509448857098,0.14328253279384168,FALSE,neighbor
neighbor_cases_mean,neighbor_cases_mean_lag18,18,0.09121290875264847,0.16927042969158979,0.17538175742233292,0.07995436649021823,0.4543481906798595,0.13334990494905666,FALSE,neighbor
neighbor_cases_mean,neighbor_cases_mean_lag19,19,0.0830313141313797,0.16339803267542655,0.1691792214363169,0.07576361425874886,0.43000919780205465,0.1266593954251167,FALSE,neighbor
neighbor_cases_mean,neighbor_cases_mean_lag20,20,0.07661164560172491,0.15563258927413592,0.16451094135864128,0.0712093819389244,0.4036671702233732,0.12025476537885472,FALSE,neighbor
neighbor_incidence_mean,neighbor_incidence_mean_lag1,1,0.27939654941238656,0.22316575421360804,0.21000420356748858,0.12497704804231835,0.7244038465090736,0.23131046151796517,TRUE,neighbor
neighbor_incidence_mean,neighbor_incidence_mean_lag2,2,0.25761816192979914,0.2056775050523038,0.19374455358927556,0.11838710219976104,0.6857301006885932,0.2138860641404286,TRUE,neighbor
neighbor_incidence_mean,neighbor_incidence_mean_lag3,3,0.25009456298974814,0.19325709500789964,0.18260079508165586,0.10459995087723477,0.6051605267541894,0.20257638843207287,FALSE,neighbor
neighbor_incidence_mean,neighbor_incidence_mean_lag4,4,0.23723265636534374,0.18245854186172816,0.17493711956997401,0.0963684466356296,0.5568818480674079,0.19167462499840332,FALSE,neighbor
neighbor_incidence_mean,neighbor_incidence_mean_lag5,5,0.2125527113119073,0.16847579349928646,0.15927053005310812,0.09066212771812113,0.5232894751537684,0.17457799704395002,FALSE,neighbor
neighbor_incidence_mean,neighbor_incidence_mean_lag6,6,0.19951764543786096,0.15366617491819642,0.14297834595747952,0.08012644674126629,0.46193264841259624,0.16023821971787605,FALSE,neighbor
neighbor_incidence_mean,neighbor_incidence_mean_lag7,7,0.18854972422517546,0.14204701074326834,0.14073649245765618,0.06871220297567711,0.39565997087418664,0.150219358338794,FALSE,neighbor
neighbor_incidence_mean,neighbor_incidence_mean_lag8,8,0.17835484463495418,0.13055447628282618,0.13111293022924655,0.061754023874441566,0.35517120753830267,0.13990804706601365,FALSE,neighbor
neighbor_incidence_mean,neighbor_incidence_mean_lag9,9,0.1558586117753453,0.11543085778654932,0.1116779043959605,0.0518748797044422,0.2979974970434035,0.12166946525769536,FALSE,neighbor
neighbor_incidence_mean,neighbor_incidence_mean_lag10,10,0.14806175467904345,0.1069990547558126,0.1060148498435001,0.04883427190602535,0.2801960592710865,0.11467766204489631,FALSE,neighbor
neighbor_incidence_mean,neighbor_incidence_mean_lag11,11,0.13836101147872978,0.09632844481125982,0.0937499120647605,0.041904106183389786,0.24014549448481678,0.10426770540030474,FALSE,neighbor
neighbor_incidence_mean,neighbor_incidence_mean_lag12,12,0.12376387145474023,0.08846110414278056,0.08689494996700078,0.03765247039371169,0.21552152420610934,0.09459194868819974,FALSE,neighbor
neighbor_incidence_mean,neighbor_incidence_mean_lag13,13,0.10986886135408343,0.0745649668741735,0.07998210261149395,0.025930068225201244,0.1482446050939331,0.0818837622992324,FALSE,neighbor
neighbor_incidence_mean,neighbor_incidence_mean_lag14,14,0.09042980673315963,0.06183314217488444,0.06742488330727481,0.02198976861573715,0.12556618713205633,0.06797709831763415,FALSE,neighbor
neighbor_incidence_mean,neighbor_incidence_mean_lag15,15,0.08208637541570496,0.05144128507354879,0.055930561010365684,0.012260913890812518,0.06992789228765141,0.05774028538017662,FALSE,neighbor
neighbor_incidence_mean,neighbor_incidence_mean_lag16,16,0.07459435152137102,0.043182825327386654,0.04571647313199042,0.011355395495303327,0.06468508340608443,0.05041978953005902,FALSE,neighbor
neighbor_incidence_mean,neighbor_incidence_mean_lag17,17,0.06149721865686491,0.03385293868684729,0.036938042111410954,0.005055170728080028,0.028761445829920542,0.040052391061545775,FALSE,neighbor
neighbor_incidence_mean,neighbor_incidence_mean_lag18,18,0.05956727172259984,0.0299903764088084,0.03432495978256001,0.004827188993124846,0.02743095444362888,0.037650551455437435,FALSE,neighbor
neighbor_incidence_mean,neighbor_incidence_mean_lag19,19,0.03662166185009823,0.019909462295619337,0.021382159494081378,1.582021006829905e-4,8.979027605882168e-4,0.023097637491114556,FALSE,neighbor
neighbor_incidence_mean,neighbor_incidence_mean_lag20,20,0.028174831862747857,0.015273392882599799,0.02039758442365888,0.0011789839888447357,0.0066833487032861814,0.018752013445412705,FALSE,neighbor
city_cases,city_cases_lag1,1,0.3559294807935558,0.3136924309284736,0.291731784838884,0.18177141596374394,1.0536007620593009,0.3127665588214261,TRUE,city
city_cases,city_cases_lag2,2,0.3294160706179753,0.28866759695340616,0.27008358334553145,0.16632096559220114,0.9633759969696519,0.2886009836468005,TRUE,city
city_cases,city_cases_lag3,3,0.3066810873626303,0.26768204590897854,0.2523015998108811,0.15266552656740046,0.8832427721373659,0.2680905798374865,FALSE,city
city_cases,city_cases_lag4,4,0.2883377430403726,0.2494474099337928,0.23634191681628378,0.1393222154655609,0.8050976810440481,0.2503713326381486,FALSE,city
city_cases,city_cases_lag5,5,0.26920048834587296,0.22988702021264945,0.2188138265906963,0.1271520662099676,0.7339044399336666,0.2318959895895475,FALSE,city
city_cases,city_cases_lag6,6,0.24792550742500294,0.20834015752962476,0.19956147633517682,0.11284757658846543,0.6505714667098954,0.2113158855620186,FALSE,city
city_cases,city_cases_lag7,7,0.22792001440881013,0.18937071735092903,0.18272013191272596,0.09992789618904016,0.5754067957015082,0.19271014951150328,FALSE,city
city_cases,city_cases_lag8,8,0.20983416931045146,0.17184323291136516,0.16777460510398728,0.08659324726178054,0.4980311613618006,0.1755096942350731,FALSE,city
city_cases,city_cases_lag9,9,0.19003252029832393,0.15531775716103813,0.1509425844226623,0.07752894903420686,0.4453684118014067,0.15847092790403475,FALSE,city
city_cases,city_cases_lag10,10,0.17195396180612468,0.13937247192814295,0.1372023106304809,0.06847918508015595,0.39291254019003646,0.1428325511811989,FALSE,city
city_cases,city_cases_lag11,11,0.15631229274761338,0.12496594969758705,0.12362274856801016,0.05759566279293881,0.3300712077344481,0.12818439015941085,FALSE,city
city_cases,city_cases_lag12,12,0.13519308179582093,0.10684173732419992,0.10494329531933448,0.04634630364320907,0.26528474517523914,0.10941480167357243,FALSE,city
city_cases,city_cases_lag13,13,0.11501125208581034,0.08870828921167151,0.08962922729516178,0.03465241128110235,0.19811104957431921,0.09155936240691633,FALSE,city
city_cases,city_cases_lag14,14,0.09399800936990545,0.07010366305265346,0.07275657343996392,0.02271722418915602,0.12972011105123638,0.07291544115302527,FALSE,city
city_cases,city_cases_lag15,15,0.08037690088659966,0.055042914472557825,0.05922765343151179,0.01123011155550109,0.06404889872821347,0.05868081313939992,FALSE,city
city_cases,city_cases_lag16,16,0.05909485438535017,0.039430242911239324,0.04457245640069395,0.0040029331659622224,0.022802382013477673,0.042207096205204,FALSE,city
city_cases,city_cases_lag17,17,0.04524741998488701,0.028056508826920356,0.03372635869487488,3.318398252439013e-4,0.0018880060994945224,0.031063472132610834,FALSE,city
city_cases,city_cases_lag18,18,0.03372550572893509,0.01834930328672572,0.024145189319598998,0.004926694861810256,0.027996405911399395,0.023097032106435815,FALSE,city
city_cases,city_cases_lag19,19,0.021022041214301398,0.009194942652227115,0.015860452112930058,0.01008474313472365,0.05723766417439725,0.015250723026305289,FALSE,city
city_cases,city_cases_lag20,20,0.009288105291588458,4.338738970355924e-4,0.005472945962623086,0.014702854633505591,0.08334659799350984,0.007334983643600312,FALSE,city
city_incidence_mean,city_incidence_mean_lag1,1,0.3443857159242659,0.3029001044587124,0.28074021898873835,0.17492903664560971,1.0139403107566318,0.3019449845526926,TRUE,city
city_incidence_mean,city_incidence_mean_lag2,2,0.3198855041653506,0.2780721442392788,0.25978787249490876,0.1596591530646709,0.9247889761735092,0.27871820913799694,TRUE,city
city_incidence_mean,city_incidence_mean_lag3,3,0.3003935122906993,0.26031810686233603,0.24446707133661988,0.14911535407304766,0.862703332098207,0.26141649990337773,FALSE,city
city_incidence_mean,city_incidence_mean_lag4,4,0.2844066249517729,0.24417972436824611,0.23001184378148792,0.13724231552013658,0.7930786156495827,0.24574081327939865,FALSE,city
city_incidence_mean,city_incidence_mean_lag5,5,0.2665075685066221,0.22791462980897928,0.21475592307441682,0.12613244460783415,0.7280193213746682,0.22935012235192276,FALSE,city
city_incidence_mean,city_incidence_mean_lag6,6,0.24555761570085802,0.2067363299010598,0.19535105852212128,0.11382393802859074,0.6562002341363796,0.20935534054184124,FALSE,city
city_incidence_mean,city_incidence_mean_lag7,7,0.22619014819013505,0.18883385369377936,0.1805924681841649,0.09951669072433106,0.5730389832187965,0.19143752040426043,FALSE,city
city_incidence_mean,city_incidence_mean_lag8,8,0.2115369754920533,0.17438254789425303,0.16759055028085165,0.08885832233580719,0.5110584807808743,0.17727428942659354,FALSE,city
city_incidence_mean,city_incidence_mean_lag9,9,0.1916037912475213,0.1577898397794423,0.149976502901744,0.08002934929195299,0.4597320687673018,0.16005871552613093,FALSE,city
city_incidence_mean,city_incidence_mean_lag10,10,0.17132124509352867,0.1400336089415818,0.13478720215172776,0.0712738080814352,0.40894722827418445,0.1428731268416017,FALSE,city
city_incidence_mean,city_incidence_mean_lag11,11,0.1538334417621306,0.12359352641855827,0.12121716892382277,0.05777019028851807,0.3310713953342634,0.12645807194483394,FALSE,city
city_incidence_mean,city_incidence_mean_lag12,12,0.1332100685565349,0.10640359520841686,0.10265458565066563,0.047600936842801124,0.27246622460956466,0.10837671711521825,FALSE,city
city_incidence_mean,city_incidence_mean_lag13,13,0.114608460284588,0.09041603327879398,0.08965233770655494,0.0361271779872272,0.20654242726705072,0.09222333021106188,FALSE,city
city_incidence_mean,city_incidence_mean_lag14,14,0.09482320220052949,0.07241751247872272,0.0736043394017693,0.02549579043458843,0.14558630637178782,0.07461025987714465,FALSE,city
city_incidence_mean,city_incidence_mean_lag15,15,0.0829304680028665,0.059268024387762706,0.06076404122968184,0.01570628033003465,0.08957791305272178,0.062022472613817284,FALSE,city
city_incidence_mean,city_incidence_mean_lag16,16,0.06319413534525728,0.044655273487765636,0.04793364952225475,0.010130784174083259,0.057709184952970734,0.04707615748824518,FALSE,city
city_incidence_mean,city_incidence_mean_lag17,17,0.046443740179404204,0.031212866706333223,0.03423961204101944,0.003896848450180098,0.022171159306951866,0.03322629564969586,FALSE,city
city_incidence_mean,city_incidence_mean_lag18,18,0.03801189837430484,0.023511260187905128,0.025956726022913764,0.0017931176211174946,0.010189559144215146,0.025898025439809652,FALSE,city
city_incidence_mean,city_incidence_mean_lag19,19,0.023360674335789193,0.011308599525233873,0.015280260599685106,0.007176310303748523,0.040730361990618795,0.016021338391918563,FALSE,city
city_incidence_mean,city_incidence_mean_lag20,20,0.01261097689188568,0.0054010289576196914,0.00866817564025206,0.008052175437089934,0.04564565485304212,0.00933376418542267,FALSE,city
