"variable","feature","lag","cor_log_incidence","cor_cases","cor_outbreak","cor_large_outbreak","selection_score","selected"
"rainfall","rainfall_lag7",7,0.0616744231691599,0.0588939446522296,0.0497547167100283,0.0377599610869688,0.0565218535111455,TRUE
"rainfall","rainfall_lag6",6,0.0614389255530263,0.0586178719792093,0.0503694673886789,0.0372719912020347,0.0563744446424391,TRUE
"rainfall","rainfall_lag5",5,0.0567620171417609,0.0574949085018058,0.0513454275563703,0.0374727980947484,0.0542771187752668,FALSE
"rainfall","rainfall_lag4",4,0.0581550615781173,0.0548777198170719,0.0527289352962917,0.0344668575404756,0.0538252526157134,FALSE
"rainfall","rainfall_lag20",20,0.0600894306215357,0.0550876262846255,0.042239317026949,0.0413494664687346,0.053787285649149,FALSE
"rainfall","rainfall_lag8",8,0.0550636272815843,0.0500522471098656,0.0493160173979761,0.0317696183450184,0.050118101845285,FALSE
"rainfall","rainfall_lag9",9,0.0519580536233283,0.0496125174080608,0.0443726272974799,0.0388770776441291,0.0486912044011875,FALSE
"rainfall","rainfall_lag19",19,0.0485959674592294,0.0463573938956911,0.0384898919899477,0.0310916016487062,0.0445461188105464,FALSE
"rainfall","rainfall_lag3",3,0.0462419377236419,0.0400937155599776,0.0402453822577939,0.0256407795342893,0.0411304608275469,FALSE
"rainfall","rainfall_lag18",18,0.0437398165395811,0.0385778356366796,0.0295973244133111,0.0257983526656617,0.0380176030172331,FALSE
"rainfall","rainfall_lag10",10,0.0352434777426078,0.0367210365411055,0.0335124296859799,0.0261022346183732,0.0345868418011644,FALSE
"rainfall","rainfall_lag17",17,0.0387224078686734,0.0287812062181078,0.0230911083286356,0.0147614374168628,0.0305021953147887,FALSE
"rainfall","rainfall_lag2",2,0.0307578069272806,0.0248254212602361,0.0235627274940149,0.0152364129013419,0.0260500706262313,FALSE
"rainfall","rainfall_lag16",16,0.0234301906784736,0.0255073558958943,0.0192450816612956,0.0200632908181586,0.0231927421659626,FALSE
"rainfall","rainfall_lag11",11,0.0222989852694776,0.0238758587751267,0.0257120055454396,0.0180662524396486,0.0229395707548662,FALSE
"rainfall","rainfall_lag15",15,0.0207602950380155,0.0194287222258777,0.0158636192080727,0.0125794068673649,0.0187416543622108,FALSE
"rainfall","rainfall_lag1",1,0.0118849669009488,0.00928393879199247,0.00915142978760461,0.00901582222027556,0.0102776620277451,FALSE
"rainfall","rainfall_lag12",12,0.00469814448991229,0.0131707174093384,0.0132886344985141,0.0135613299060415,0.00983843705461463,FALSE
"rainfall","rainfall_lag14",14,0.00779926574887873,0.00375652100121477,0.000652572276537273,0.00196758549801433,0.00472913304125869,FALSE
"rainfall","rainfall_lag13",13,0.000126258382683646,0.00256073542031611,0.00207229128290482,0.00219085071051246,0.00147668951367107,FALSE
"rh","rh_lag20",20,0.152153335543078,0.149018938957608,0.128215100893051,0.107803524193806,0.143030580405732,TRUE
"rh","rh_lag19",19,0.14064301159592,0.138188088792999,0.119869442360826,0.0969897413882583,0.132302426208867,TRUE
"rh","rh_lag18",18,0.129105612484525,0.125287725056881,0.107775149253129,0.0848205494084469,0.120141276092532,FALSE
"rh","rh_lag17",17,0.117360140417398,0.111575354729042,0.0936295075124658,0.073605780498619,0.107400434498856,FALSE
"rh","rh_lag16",16,0.0989525847320589,0.0998269571204804,0.0837195897357182,0.0669953136290782,0.0937779387082572,FALSE
"rh","rh_lag15",15,0.0797879435331387,0.0771079385221289,0.062990360402085,0.0513315926989194,0.0734846692262053,FALSE
"rh","rh_lag4",4,0.0679387525082572,0.0592606302105536,0.0620918950714266,0.0374512414492524,0.0609756299826359,FALSE
"rh","rh_lag6",6,0.0687973704113836,0.0594905535538943,0.0579047452345648,0.0351617609697557,0.0605425297905768,FALSE
"rh","rh_lag5",5,0.0672999426697706,0.0598148381085969,0.0606262396112317,0.0350360966105865,0.0604527160086606,FALSE
"rh","rh_lag7",7,0.0625686970811992,0.0543082911715649,0.0542539152506827,0.0276426029102453,0.0549377283211544,FALSE
"rh","rh_lag14",14,0.0559361753458578,0.0540980778619797,0.0391925419092561,0.0349195439872382,0.0506796330751483,FALSE
"rh","rh_lag3",3,0.0593813604629087,0.0468513682847437,0.0496356098687782,0.0252929793226859,0.0501251624974091,FALSE
"rh","rh_lag8",8,0.0547013918010901,0.045237184910799,0.0474778064328259,0.0229792039160756,0.0471331627957471,FALSE
"rh","rh_lag9",9,0.048300379004996,0.0409980361158794,0.04321827392928,0.0240792658844834,0.0425601319203965,FALSE
"rh","rh_lag2",2,0.0430963051681074,0.0332448912058847,0.0366994740687462,0.0200483865376072,0.0363839937533753,FALSE
"rh","rh_lag13",13,0.0335986002105193,0.0327563209794939,0.0256502368929868,0.0201832136483613,0.0307700093258148,FALSE
"rh","rh_lag1",1,0.0370768668573768,0.0255697912112335,0.0287767085720887,0.0139566308193361,0.0294923430346294,FALSE
"rh","rh_lag10",10,0.0207545853375457,0.0230928254637554,0.0224605022246057,0.0138365646982984,0.0211370548508534,FALSE
"rh","rh_lag12",12,0.0133979156789686,0.00946744278533117,0.00629813582716563,0.000508112128962625,0.00966830283342444,FALSE
"rh","rh_lag11",11,0.00773255355476344,0.00580726949986733,0.0110802941259613,0.00459705969763202,0.00724731583551634,FALSE
"temp_c","temp_c_lag15",15,0.193012931001542,0.164607476262213,0.149447748639371,0.10085293534963,0.16732024492326,TRUE
"temp_c","temp_c_lag14",14,0.189750949342779,0.159735587250757,0.145648297469185,0.097848678985811,0.163439947793836,TRUE
"temp_c","temp_c_lag16",16,0.187203018739169,0.16104896162624,0.146419515342458,0.100623965489798,0.1632736679152,FALSE
"temp_c","temp_c_lag17",17,0.185229211150439,0.156238085928675,0.143374039478617,0.096457968781897,0.159926917335194,FALSE
"temp_c","temp_c_lag13",13,0.184315703465515,0.154406997096437,0.143526752418943,0.0915377463801772,0.158451517870818,FALSE
"temp_c","temp_c_lag18",18,0.175932665391649,0.146415433868255,0.132830583609808,0.0933914466192714,0.150882200213947,FALSE
"temp_c","temp_c_lag12",12,0.175635376709505,0.14366419952441,0.134187539946183,0.0813814516613098,0.148802896675404,FALSE
"temp_c","temp_c_lag19",19,0.165424409034642,0.137868440346202,0.127792305243608,0.0903629799356019,0.142628861515129,FALSE
"temp_c","temp_c_lag11",11,0.165488703481164,0.134460428510082,0.124712680700054,0.0779596209418498,0.139759495570187,FALSE
"temp_c","temp_c_lag20",20,0.152917431706788,0.128114703850133,0.117786802135436,0.0863156701237075,0.132306706362948,FALSE
"temp_c","temp_c_lag10",10,0.148160221858708,0.1175766145952,0.112468695938665,0.0667543087053835,0.123961639113141,FALSE
"temp_c","temp_c_lag9",9,0.129017474149418,0.101275134266231,0.0954118097722255,0.0555875812552678,0.106923816244309,FALSE
"temp_c","temp_c_lag8",8,0.113703613747903,0.0881412032769872,0.0824695579668328,0.0512196924653151,0.093823269587663,FALSE
"temp_c","temp_c_lag7",7,0.100598213092781,0.074008576410803,0.0702775162227845,0.0434104455309716,0.0810249589674082,FALSE
"temp_c","temp_c_lag6",6,0.0834883779764853,0.0593458058090885,0.0536824772203687,0.0348895061217522,0.0657077054190056,FALSE
"temp_c","temp_c_lag5",5,0.0714813118285946,0.0472016176159788,0.0393007706404283,0.0288925201540404,0.0538974585084987,FALSE
"temp_c","temp_c_lag4",4,0.0580800686422267,0.0371076032708038,0.0284569659337855,0.0214388122121691,0.0426321147129568,FALSE
"temp_c","temp_c_lag3",3,0.0503916499752044,0.0320116657675112,0.0227133110451101,0.0195652991105876,0.0367242695765359,FALSE
"temp_c","temp_c_lag2",2,0.042127395867151,0.0275996691467672,0.0154067823692852,0.0179941139358059,0.0306212712972023,FALSE
"temp_c","temp_c_lag1",1,0.0383717143297126,0.0237685592833603,0.011944675202838,0.0151312510924825,0.0269725078707351,FALSE
"u_component_of_wind_10m","u_component_of_wind_10m_lag6",6,0.151329318735513,0.141160516380092,0.13354089849238,0.094979718854299,0.139467014886525,TRUE
"u_component_of_wind_10m","u_component_of_wind_10m_lag5",5,0.147168301679533,0.139727403211448,0.13035085204189,0.0915622319980676,0.13648076280191,TRUE
"u_component_of_wind_10m","u_component_of_wind_10m_lag4",4,0.144494785870628,0.140992929329697,0.13071479202631,0.0934201589318778,0.136094674310779,FALSE
"u_component_of_wind_10m","u_component_of_wind_10m_lag7",7,0.148161506366182,0.136126118118587,0.126396651369009,0.0933620750255859,0.135204449095888,FALSE
"u_component_of_wind_10m","u_component_of_wind_10m_lag3",3,0.141857642443043,0.139101073608894,0.126190966832705,0.0948631058109372,0.13384338834633,FALSE
"u_component_of_wind_10m","u_component_of_wind_10m_lag8",8,0.146271496309235,0.132626286863918,0.124861894291935,0.0914577827379844,0.132802861343654,FALSE
"u_component_of_wind_10m","u_component_of_wind_10m_lag9",9,0.138394453901643,0.12782544544882,0.120278224745591,0.0885308541867004,0.126991506598253,FALSE
"u_component_of_wind_10m","u_component_of_wind_10m_lag2",2,0.133906674397933,0.129515168075544,0.116753160145896,0.0884277719803906,0.125248729805537,FALSE
"u_component_of_wind_10m","u_component_of_wind_10m_lag10",10,0.131286057904279,0.119127036528765,0.113741481179148,0.0792160584898723,0.119191713972639,FALSE
"u_component_of_wind_10m","u_component_of_wind_10m_lag11",11,0.120425020795334,0.112162924463793,0.11019275501662,0.074820627097143,0.111438007842669,FALSE
"u_component_of_wind_10m","u_component_of_wind_10m_lag1",1,0.117356770945369,0.114991380974327,0.101665437270876,0.0809053305743078,0.110530040367224,FALSE
"u_component_of_wind_10m","u_component_of_wind_10m_lag12",12,0.11279487307111,0.100109416209038,0.100064883514958,0.0630300839624119,0.101468985825092,FALSE
"u_component_of_wind_10m","u_component_of_wind_10m_lag13",13,0.103229961033479,0.0893130435791496,0.0915131562390394,0.054617922668827,0.0917403153688325,FALSE
"u_component_of_wind_10m","u_component_of_wind_10m_lag14",14,0.0929538971624957,0.0777273850614476,0.0803911683335351,0.0481250110328096,0.0812573199898162,FALSE
"u_component_of_wind_10m","u_component_of_wind_10m_lag15",15,0.0794716811708212,0.0636179705794143,0.0661053746400679,0.0418740986939205,0.0681581782365257,FALSE
"u_component_of_wind_10m","u_component_of_wind_10m_lag16",16,0.0716486083748338,0.0583512291731015,0.0648866307349538,0.0354442420885199,0.0623597923796141,FALSE
"u_component_of_wind_10m","u_component_of_wind_10m_lag17",17,0.0568309850663512,0.0431074205011472,0.0520817042461298,0.0248895155310249,0.048121198391964,FALSE
"u_component_of_wind_10m","u_component_of_wind_10m_lag18",18,0.0395921190817847,0.0288836125582752,0.0372121492888805,0.0151015691060277,0.033038091332045,FALSE
"u_component_of_wind_10m","u_component_of_wind_10m_lag19",19,0.0234832615902149,0.0145140343755858,0.0236474000955518,0.00522451831906494,0.0185427785137802,FALSE
"u_component_of_wind_10m","u_component_of_wind_10m_lag20",20,0.0110682198917576,0.0015726768584854,0.013722112772155,0.00451984840073437,0.00748802661306961,FALSE
"v_component_of_wind_10m","v_component_of_wind_10m_lag9",9,0.152952321548785,0.138466992133767,0.128637329224112,0.0916830312255117,0.1381082783725,TRUE
"v_component_of_wind_10m","v_component_of_wind_10m_lag8",8,0.151650842393194,0.135943784998787,0.127007259542404,0.0912309290710623,0.13641484354532,TRUE
"v_component_of_wind_10m","v_component_of_wind_10m_lag10",10,0.15127212901706,0.133824883493807,0.126975249312491,0.087404373693966,0.135134285595927,FALSE
"v_component_of_wind_10m","v_component_of_wind_10m_lag11",11,0.149336255163151,0.133969369827477,0.127388163911655,0.0877779990790104,0.134509805999527,FALSE
"v_component_of_wind_10m","v_component_of_wind_10m_lag7",7,0.14770516907309,0.133732257197544,0.12342519964691,0.0879885540469473,0.133200993000107,FALSE
"v_component_of_wind_10m","v_component_of_wind_10m_lag6",6,0.145068977522696,0.131417699007019,0.1201818645259,0.087496485781989,0.130800713918619,FALSE
"v_component_of_wind_10m","v_component_of_wind_10m_lag12",12,0.144794176964169,0.125323676030781,0.118571356781028,0.0797844583938254,0.127545106752978,FALSE
"v_component_of_wind_10m","v_component_of_wind_10m_lag5",5,0.139775784819554,0.128110004288924,0.115037606875943,0.0857497008356315,0.1265794265439,FALSE
"v_component_of_wind_10m","v_component_of_wind_10m_lag4",4,0.131504101874057,0.123078747962812,0.109842093682162,0.0807244307167765,0.120227959660609,FALSE
"v_component_of_wind_10m","v_component_of_wind_10m_lag13",13,0.134942208087217,0.117007635718429,0.114258908351934,0.0727427193341999,0.119342663922547,FALSE
"v_component_of_wind_10m","v_component_of_wind_10m_lag3",3,0.120075091955244,0.11519801619323,0.10052437445702,0.0807354848320472,0.111501547101486,FALSE
"v_component_of_wind_10m","v_component_of_wind_10m_lag14",14,0.125520389965242,0.107238123515797,0.104545884203682,0.0691173672024627,0.110335118567424,FALSE
"v_component_of_wind_10m","v_component_of_wind_10m_lag15",15,0.116678806642141,0.0970052712420038,0.0938163105409077,0.0636378790841915,0.101059602081113,FALSE
"v_component_of_wind_10m","v_component_of_wind_10m_lag2",2,0.106068948075317,0.10273465837628,0.0885722219209632,0.0722867614688338,0.0988992190968528,FALSE
"v_component_of_wind_10m","v_component_of_wind_10m_lag16",16,0.107393354032178,0.0902666621724264,0.0899630792403246,0.0578785186634484,0.0938329871256141,FALSE
"v_component_of_wind_10m","v_component_of_wind_10m_lag1",1,0.0930337933779838,0.0890498883844973,0.0741049507028064,0.063385167646751,0.0858352376558636,FALSE
"v_component_of_wind_10m","v_component_of_wind_10m_lag17",17,0.0960080250065379,0.077079449830157,0.0801659507655077,0.0476230463178905,0.0821682146897853,FALSE
"v_component_of_wind_10m","v_component_of_wind_10m_lag18",18,0.0794123442056826,0.0626641163702484,0.0651772552099451,0.03789785609964,0.0672637523033158,FALSE
"v_component_of_wind_10m","v_component_of_wind_10m_lag19",19,0.066235845703012,0.0487119067336866,0.0527624113851787,0.0284394944957382,0.0543018167953457,FALSE
"v_component_of_wind_10m","v_component_of_wind_10m_lag20",20,0.0496324335029505,0.0344446292703491,0.0400502151417822,0.0190786961275942,0.0398239955298291,FALSE
"wind_speed_10m","wind_speed_10m_lag13",13,0.0693575147836763,0.078017350596844,0.0716211959361712,0.0567717415434481,0.0714694321671364,TRUE
"wind_speed_10m","wind_speed_10m_lag14",14,0.066147846472321,0.0780428790783823,0.0757226103159969,0.0546321093425844,0.0705957487480202,TRUE
"wind_speed_10m","wind_speed_10m_lag12",12,0.0674200412367212,0.0773504314954598,0.0679193534194061,0.0573226586108026,0.0699608363920906,FALSE
"wind_speed_10m","wind_speed_10m_lag11",11,0.0686440980990745,0.0734535466957827,0.0656973577201858,0.0503479773561331,0.0680557819767949,FALSE
"wind_speed_10m","wind_speed_10m_lag15",15,0.0625719787130907,0.0758860211993002,0.0746202289919956,0.0490550196283445,0.0676874352166251,FALSE
"wind_speed_10m","wind_speed_10m_lag10",10,0.0626470946756153,0.0731069809300023,0.0612857609369595,0.0507962722833441,0.0649187725646252,FALSE
"wind_speed_10m","wind_speed_10m_lag9",9,0.0645469023645894,0.0686590753193356,0.060998187129906,0.0386906545591027,0.0628682308329994,FALSE
"wind_speed_10m","wind_speed_10m_lag8",8,0.0613139124994243,0.066314686891585,0.0581634494524518,0.0393989149032555,0.0604001143200178,FALSE
"wind_speed_10m","wind_speed_10m_lag16",16,0.0541643776002344,0.0623736822988308,0.06167713008969,0.0410817948392945,0.0568562888420675,FALSE
"wind_speed_10m","wind_speed_10m_lag7",7,0.0487676056882815,0.0588667005488606,0.0488678763823314,0.039086462732897,0.0513492151980532,FALSE
"wind_speed_10m","wind_speed_10m_lag17",17,0.0465712206200554,0.0543650421502736,0.0532246282615649,0.0354226887720029,0.049182216117053,FALSE
"wind_speed_10m","wind_speed_10m_lag18",18,0.0433484453015496,0.05085951080999,0.0490827865554952,0.0350077482131538,0.046003399708756,FALSE
"wind_speed_10m","wind_speed_10m_lag6",6,0.0401457757222339,0.0465438374294597,0.0397430229768865,0.0298469560659019,0.0412948024423276,FALSE
"wind_speed_10m","wind_speed_10m_lag19",19,0.0338692394609527,0.0435763630546657,0.0458605746725742,0.0301787577299611,0.0386963848273963,FALSE
"wind_speed_10m","wind_speed_10m_lag5",5,0.0299884439026585,0.0390690272279367,0.0319363652550256,0.0283932086024107,0.0332993127393361,FALSE
"wind_speed_10m","wind_speed_10m_lag20",20,0.0189398205940916,0.0310724881359263,0.0328776639457607,0.0209105681007326,0.0254740054871482,FALSE
"wind_speed_10m","wind_speed_10m_lag1",1,0.0305825970473729,0.0155713462873327,0.0161927941457965,0.0143933068553387,0.0215512598269189,FALSE
"wind_speed_10m","wind_speed_10m_lag4",4,0.0165757356913074,0.0237217950147589,0.0163534886790555,0.0190727044367124,0.0192932162772181,FALSE
"wind_speed_10m","wind_speed_10m_lag2",2,0.0224585712965474,0.00799717364391006,0.0101008160816364,0.00690628192599831,0.0139881898988328,FALSE
"wind_speed_10m","wind_speed_10m_lag3",3,0.00365972917003103,0.00490438962644771,0.00405316152826071,0.000286759408743874,0.0038170782073826,FALSE
"neighbor_env_rainfall_mean","neighbor_env_rainfall_mean_lag7",7,0.0617098482205936,0.0586046058982211,0.0497341594654173,0.0374573723368468,0.0564014125061121,TRUE
"neighbor_env_rainfall_mean","neighbor_env_rainfall_mean_lag6",6,0.0616517292760033,0.058356374261136,0.0503915031620485,0.036961543017217,0.0563403024778279,TRUE
"neighbor_env_rainfall_mean","neighbor_env_rainfall_mean_lag5",5,0.0569354430139766,0.0570834566314868,0.0513464344135256,0.0369504722107389,0.0541503994097138,FALSE
"neighbor_env_rainfall_mean","neighbor_env_rainfall_mean_lag20",20,0.0604273469197738,0.0554111755039427,0.0425865443138884,0.041697761912033,0.054122608032576,FALSE
"neighbor_env_rainfall_mean","neighbor_env_rainfall_mean_lag4",4,0.0583343897278514,0.0547199568051848,0.0526492515970339,0.0344727787012616,0.0538304063826365,FALSE
"neighbor_env_rainfall_mean","neighbor_env_rainfall_mean_lag8",8,0.0552904202415445,0.0498534855009335,0.049471762365632,0.0316039705769319,0.0501460494344825,FALSE
"neighbor_env_rainfall_mean","neighbor_env_rainfall_mean_lag9",9,0.0525394329010442,0.0496831413884999,0.0445742245132368,0.0388463631224772,0.0489756426356259,FALSE
"neighbor_env_rainfall_mean","neighbor_env_rainfall_mean_lag19",19,0.0485017275731509,0.0465431052872546,0.0386406285477908,0.0313079841016768,0.0446176705721358,FALSE
"neighbor_env_rainfall_mean","neighbor_env_rainfall_mean_lag3",3,0.0463177197749283,0.0397894054697407,0.039972957924555,0.0253566725421011,0.0409849907672739,FALSE
"neighbor_env_rainfall_mean","neighbor_env_rainfall_mean_lag18",18,0.043734014873927,0.0389120069729564,0.0298495405489112,0.026071908971529,0.0381974303695951,FALSE
"neighbor_env_rainfall_mean","neighbor_env_rainfall_mean_lag10",10,0.03533252944155,0.0365350163093888,0.0333207843327002,0.0257452272770799,0.0344929078625191,FALSE
"neighbor_env_rainfall_mean","neighbor_env_rainfall_mean_lag17",17,0.0388439410517877,0.029102334202504,0.0232585370024467,0.0150206312407832,0.0307142370660368,FALSE
"neighbor_env_rainfall_mean","neighbor_env_rainfall_mean_lag2",2,0.0309025206907526,0.0244506272174302,0.0233167760919826,0.0145119774959695,0.025867441965796,FALSE
"neighbor_env_rainfall_mean","neighbor_env_rainfall_mean_lag16",16,0.0236748500079872,0.0258728321346522,0.019470291972062,0.0203196904372612,0.0234779440898586,FALSE
"neighbor_env_rainfall_mean","neighbor_env_rainfall_mean_lag11",11,0.022160486998381,0.0235065206135299,0.0254700597562051,0.0179134275388388,0.0227033287314025,FALSE
"neighbor_env_rainfall_mean","neighbor_env_rainfall_mean_lag15",15,0.0209748726177666,0.0199099456402164,0.016353597315016,0.0130091977263823,0.019112389391073,FALSE
"neighbor_env_rainfall_mean","neighbor_env_rainfall_mean_lag1",1,0.0116617666972705,0.00893171971082441,0.0088103115708256,0.00855216624055689,0.00996757193737628,FALSE
"neighbor_env_rainfall_mean","neighbor_env_rainfall_mean_lag12",12,0.00433926458747419,0.0127380728837753,0.0130071445260163,0.0133346338560436,0.00947856640881786,FALSE
"neighbor_env_rainfall_mean","neighbor_env_rainfall_mean_lag14",14,0.00774982118835017,0.00391527536357575,0.000839808879880356,0.00209621580121212,0.00480586776469485,FALSE
"neighbor_env_rainfall_mean","neighbor_env_rainfall_mean_lag13",13,9.87236796857134e-05,0.00224773357067641,0.00200272689252081,0.00181340159033798,0.00130794541452295,FALSE
"neighbor_env_rh_mean","neighbor_env_rh_mean_lag20",20,0.152680369452161,0.150116805335471,0.12877260973307,0.1088148551019,0.14381040661843,TRUE
"neighbor_env_rh_mean","neighbor_env_rh_mean_lag19",19,0.141321989674248,0.139242640890225,0.120414825066035,0.0979566527608542,0.133121609217268,TRUE
"neighbor_env_rh_mean","neighbor_env_rh_mean_lag18",18,0.12975063474424,0.126331898317802,0.108435631363898,0.0857462705114832,0.12095639006466,FALSE
"neighbor_env_rh_mean","neighbor_env_rh_mean_lag17",17,0.117884708065696,0.112537634145452,0.0941572124790956,0.0744374746311621,0.108109384512167,FALSE
"neighbor_env_rh_mean","neighbor_env_rh_mean_lag16",16,0.0995440360191831,0.100861071146342,0.0844486171695994,0.0679900197596087,0.0945852838602936,FALSE
"neighbor_env_rh_mean","neighbor_env_rh_mean_lag15",15,0.0804826405378119,0.0781606102756825,0.0638264116391638,0.0521041441802827,0.0743336459755164,FALSE
"neighbor_env_rh_mean","neighbor_env_rh_mean_lag4",4,0.0679943282514899,0.0595757988246286,0.0623829382736469,0.0377717931467625,0.0611838809449393,FALSE
"neighbor_env_rh_mean","neighbor_env_rh_mean_lag5",5,0.0673011480304232,0.0600822373119983,0.0607194627830527,0.0353456621768639,0.060591727906513,FALSE
"neighbor_env_rh_mean","neighbor_env_rh_mean_lag6",6,0.0687235079063632,0.0596244349136981,0.0577356175245106,0.0354373206747604,0.0605620300784922,FALSE
"neighbor_env_rh_mean","neighbor_env_rh_mean_lag7",7,0.0624561868579904,0.054425501818676,0.0541709781826784,0.0278820783585186,0.0549452549429864,FALSE
"neighbor_env_rh_mean","neighbor_env_rh_mean_lag14",14,0.056410091311629,0.0548463592873013,0.0398795966317634,0.0355447980380366,0.0512966815737752,FALSE
"neighbor_env_rh_mean","neighbor_env_rh_mean_lag3",3,0.0594531317447842,0.0470795220586141,0.0497852719304895,0.0254781165994929,0.0502746878679513,FALSE
"neighbor_env_rh_mean","neighbor_env_rh_mean_lag8",8,0.0542838820408094,0.0452244412528081,0.0472779389269235,0.0232139708707491,0.04695519518092,FALSE
"neighbor_env_rh_mean","neighbor_env_rh_mean_lag9",9,0.0480671147072996,0.040921374140092,0.0429858416064888,0.0240588187512671,0.0424030849480521,FALSE
"neighbor_env_rh_mean","neighbor_env_rh_mean_lag2",2,0.0428588378410365,0.0333450751251225,0.0367949204089452,0.0201220284586919,0.0363457523374184,FALSE
"neighbor_env_rh_mean","neighbor_env_rh_mean_lag13",13,0.0340295054878471,0.0334542313892978,0.0262735024183396,0.0208696045234481,0.0313487689964888,FALSE
"neighbor_env_rh_mean","neighbor_env_rh_mean_lag1",1,0.0369760320119261,0.0257334412125081,0.0288531088453177,0.0141268968055989,0.0295377732365058,FALSE
"neighbor_env_rh_mean","neighbor_env_rh_mean_lag10",10,0.0206942572610506,0.0230022362600322,0.0222100336090211,0.0138260418973927,0.0210425948265239,FALSE
"neighbor_env_rh_mean","neighbor_env_rh_mean_lag12",12,0.013661196119147,0.00993223770760341,0.00692757668504955,5.62930995142095e-05,0.00998552745802886,FALSE
"neighbor_env_rh_mean","neighbor_env_rh_mean_lag11",11,0.0074334295048384,0.00549190380507468,0.010662630305984,0.00430459715772009,0.0069253923953811,FALSE
"neighbor_env_temp_c_mean","neighbor_env_temp_c_mean_lag15",15,0.199950603589453,0.170129481434483,0.153778500899177,0.105325613719968,0.173124896444724,TRUE
"neighbor_env_temp_c_mean","neighbor_env_temp_c_mean_lag14",14,0.196510813651289,0.164966147495807,0.149741746555935,0.10218179830844,0.169021918898282,TRUE
"neighbor_env_temp_c_mean","neighbor_env_temp_c_mean_lag16",16,0.193602905646609,0.166272645173888,0.150350090851921,0.105137863102249,0.168702888007518,FALSE
"neighbor_env_temp_c_mean","neighbor_env_temp_c_mean_lag17",17,0.191490935536426,0.16123783566848,0.147123147234735,0.100691358923126,0.165167224676061,FALSE
"neighbor_env_temp_c_mean","neighbor_env_temp_c_mean_lag13",13,0.190865862405766,0.159407341117327,0.147619266033141,0.0956220847917156,0.163844012737514,FALSE
"neighbor_env_temp_c_mean","neighbor_env_temp_c_mean_lag18",18,0.181715204440792,0.150942471665772,0.136124397722431,0.0975659262892601,0.155691199146628,FALSE
"neighbor_env_temp_c_mean","neighbor_env_temp_c_mean_lag12",12,0.181696860743656,0.148129259271465,0.137809803347869,0.0849606487810405,0.15369152042276,FALSE
"neighbor_env_temp_c_mean","neighbor_env_temp_c_mean_lag19",19,0.170889918861341,0.14207608904418,0.130886021152049,0.0944117485638333,0.14715667673919,FALSE
"neighbor_env_temp_c_mean","neighbor_env_temp_c_mean_lag11",11,0.170896144929041,0.138390813063239,0.127870430952591,0.0812750198091065,0.144103309167549,FALSE
"neighbor_env_temp_c_mean","neighbor_env_temp_c_mean_lag20",20,0.157777306660832,0.131837720834668,0.120372771790479,0.0900838713427476,0.136318427859313,FALSE
"neighbor_env_temp_c_mean","neighbor_env_temp_c_mean_lag10",10,0.152830595988564,0.120653717192739,0.114887008490025,0.0695075168596389,0.127544842372352,FALSE
"neighbor_env_temp_c_mean","neighbor_env_temp_c_mean_lag9",9,0.132972963150975,0.103612074293273,0.096941668484614,0.0578645021842923,0.109781111754157,FALSE
"neighbor_env_temp_c_mean","neighbor_env_temp_c_mean_lag8",8,0.116803178298139,0.0898245755081766,0.0834489171396099,0.0532449713686387,0.0960017074549226,FALSE
"neighbor_env_temp_c_mean","neighbor_env_temp_c_mean_lag7",7,0.103117853845161,0.0750551311871216,0.0707135892359668,0.0450643162742813,0.0826299074663802,FALSE
"neighbor_env_temp_c_mean","neighbor_env_temp_c_mean_lag6",6,0.0851166683986342,0.0596254603345098,0.0532895864360636,0.0361228664172386,0.0665213030836655,FALSE
"neighbor_env_temp_c_mean","neighbor_env_temp_c_mean_lag5",5,0.0726230658862027,0.0468813835179861,0.0381426620179859,0.0298491674191099,0.0541640266303851,FALSE
"neighbor_env_temp_c_mean","neighbor_env_temp_c_mean_lag4",4,0.0584336491028476,0.0362146901601349,0.026592128680737,0.0219120982230199,0.0422286303215988,FALSE
"neighbor_env_temp_c_mean","neighbor_env_temp_c_mean_lag3",3,0.0502376532657889,0.0308087117430583,0.0205081565126207,0.0199574786274009,0.0359500817560192,FALSE
"neighbor_env_temp_c_mean","neighbor_env_temp_c_mean_lag2",2,0.0417887119350622,0.0263193396539238,0.012902403643819,0.0183974865323645,0.0297023628527075,FALSE
"neighbor_env_temp_c_mean","neighbor_env_temp_c_mean_lag1",1,0.0378581934231152,0.0223156822501679,0.00945242751423617,0.0153879142530684,0.0259104217092471,FALSE
"neighbor_env_u_component_of_wind_10m_mean","neighbor_env_u_component_of_wind_10m_mean_lag6",6,0.152028433443253,0.142013012253564,0.134445919701001,0.0954715213989424,0.140229967761093,TRUE
"neighbor_env_u_component_of_wind_10m_mean","neighbor_env_u_component_of_wind_10m_mean_lag5",5,0.147846899401129,0.140609681722193,0.131268866792181,0.0920642295574812,0.137248901337794,TRUE
"neighbor_env_u_component_of_wind_10m_mean","neighbor_env_u_component_of_wind_10m_mean_lag4",4,0.144952276063551,0.1418439493749,0.131526686374072,0.0939449395578583,0.136749789618532,FALSE
"neighbor_env_u_component_of_wind_10m_mean","neighbor_env_u_component_of_wind_10m_mean_lag7",7,0.148755251625956,0.137031208479097,0.127300481749926,0.093884425306609,0.135946538411216,FALSE
"neighbor_env_u_component_of_wind_10m_mean","neighbor_env_u_component_of_wind_10m_mean_lag3",3,0.142277419059338,0.139934603626904,0.126921107265298,0.0954582237255851,0.134472067355505,FALSE
"neighbor_env_u_component_of_wind_10m_mean","neighbor_env_u_component_of_wind_10m_mean_lag8",8,0.146967944563689,0.133633479818992,0.125827704972941,0.0921255691003095,0.133645608418095,FALSE
"neighbor_env_u_component_of_wind_10m_mean","neighbor_env_u_component_of_wind_10m_mean_lag9",9,0.139194743994046,0.128788949477279,0.121098258880227,0.0891405749833868,0.127832826245039,FALSE
"neighbor_env_u_component_of_wind_10m_mean","neighbor_env_u_component_of_wind_10m_mean_lag2",2,0.134573145493725,0.130429020403179,0.117515824143476,0.0890252269947563,0.1260093116596,FALSE
"neighbor_env_u_component_of_wind_10m_mean","neighbor_env_u_component_of_wind_10m_mean_lag10",10,0.131759208796618,0.119899222032064,0.114503458791639,0.0797149012033685,0.119815420168952,FALSE
"neighbor_env_u_component_of_wind_10m_mean","neighbor_env_u_component_of_wind_10m_mean_lag11",11,0.120575509029262,0.11284486918192,0.110930130424998,0.0752338453411394,0.11188881192324,FALSE
"neighbor_env_u_component_of_wind_10m_mean","neighbor_env_u_component_of_wind_10m_mean_lag1",1,0.117908604771359,0.115914757201236,0.102538657130322,0.0815490066938328,0.111269306167908,FALSE
"neighbor_env_u_component_of_wind_10m_mean","neighbor_env_u_component_of_wind_10m_mean_lag12",12,0.113284200673618,0.100957328684836,0.100976410201606,0.0634598299448413,0.102141189833865,FALSE
"neighbor_env_u_component_of_wind_10m_mean","neighbor_env_u_component_of_wind_10m_mean_lag13",13,0.103667968710715,0.0901107361635952,0.0923322073100605,0.0551113669550121,0.0923669129335545,FALSE
"neighbor_env_u_component_of_wind_10m_mean","neighbor_env_u_component_of_wind_10m_mean_lag14",14,0.0937737643773889,0.0786561678028064,0.0813100154360473,0.0485397141797508,0.08208963821532,FALSE
"neighbor_env_u_component_of_wind_10m_mean","neighbor_env_u_component_of_wind_10m_mean_lag15",15,0.0799984744839268,0.0644911670624237,0.0669430530832967,0.0423778070933221,0.0688505369372458,FALSE
"neighbor_env_u_component_of_wind_10m_mean","neighbor_env_u_component_of_wind_10m_mean_lag16",16,0.0719358060333345,0.0591418291296807,0.0655481750320635,0.0359828199718145,0.062904470860713,FALSE
"neighbor_env_u_component_of_wind_10m_mean","neighbor_env_u_component_of_wind_10m_mean_lag17",17,0.0570977683954525,0.0438391001156728,0.0526194481258666,0.0253847296921221,0.0486141825867587,FALSE
"neighbor_env_u_component_of_wind_10m_mean","neighbor_env_u_component_of_wind_10m_mean_lag18",18,0.0397402501818163,0.0295396984787645,0.037741559940073,0.0154685195099939,0.0334430804823045,FALSE
"neighbor_env_u_component_of_wind_10m_mean","neighbor_env_u_component_of_wind_10m_mean_lag19",19,0.0237709705167888,0.0153240324495946,0.0243545197358503,0.00571276026348675,0.0190962535507998,FALSE
"neighbor_env_u_component_of_wind_10m_mean","neighbor_env_u_component_of_wind_10m_mean_lag20",20,0.0115233522712065,0.00242455580144339,0.014451555581301,0.00405044973865708,0.00803071375004866,FALSE
"neighbor_env_v_component_of_wind_10m_mean","neighbor_env_v_component_of_wind_10m_mean_lag9",9,0.15286316102401,0.138365391168652,0.128648940471922,0.0916317714177069,0.138033669531191,TRUE
"neighbor_env_v_component_of_wind_10m_mean","neighbor_env_v_component_of_wind_10m_mean_lag8",8,0.151708478477245,0.135983188984646,0.127177728305842,0.0912607457797314,0.136480241359374,TRUE
"neighbor_env_v_component_of_wind_10m_mean","neighbor_env_v_component_of_wind_10m_mean_lag10",10,0.151064947757871,0.133661435528044,0.126956138403909,0.0873021670387193,0.134981119002422,FALSE
"neighbor_env_v_component_of_wind_10m_mean","neighbor_env_v_component_of_wind_10m_mean_lag11",11,0.149255628636921,0.133858204210462,0.127384189271153,0.0877424496058367,0.134434496279687,FALSE
"neighbor_env_v_component_of_wind_10m_mean","neighbor_env_v_component_of_wind_10m_mean_lag7",7,0.147903973438433,0.133815158006349,0.123653696991129,0.0879963528373689,0.133344584510002,FALSE
"neighbor_env_v_component_of_wind_10m_mean","neighbor_env_v_component_of_wind_10m_mean_lag6",6,0.145197505990123,0.131433226524918,0.120307050015836,0.0874934332326408,0.13087603250541,FALSE
"neighbor_env_v_component_of_wind_10m_mean","neighbor_env_v_component_of_wind_10m_mean_lag12",12,0.144861345826628,0.125263373853937,0.118718693337677,0.0797019642838701,0.127564719608567,FALSE
"neighbor_env_v_component_of_wind_10m_mean","neighbor_env_v_component_of_wind_10m_mean_lag5",5,0.140003031916337,0.128046581877729,0.115148859417979,0.0856155105176365,0.126651396388201,FALSE
"neighbor_env_v_component_of_wind_10m_mean","neighbor_env_v_component_of_wind_10m_mean_lag4",4,0.13134546683446,0.122946882273791,0.109828386350716,0.0806589147915928,0.120109744961377,FALSE
"neighbor_env_v_component_of_wind_10m_mean","neighbor_env_v_component_of_wind_10m_mean_lag13",13,0.134846841400861,0.116911574946091,0.11432845248101,0.0726762400014766,0.119274679663775,FALSE
"neighbor_env_v_component_of_wind_10m_mean","neighbor_env_v_component_of_wind_10m_mean_lag3",3,0.119965799575174,0.115118722422711,0.100529570070214,0.0806750049428699,0.111424808682838,FALSE
"neighbor_env_v_component_of_wind_10m_mean","neighbor_env_v_component_of_wind_10m_mean_lag14",14,0.125796909176611,0.10723963156578,0.104655945184012,0.0689886230493652,0.110449888801206,FALSE
"neighbor_env_v_component_of_wind_10m_mean","neighbor_env_v_component_of_wind_10m_mean_lag15",15,0.116703885177143,0.0970170721561157,0.0939105715043724,0.0635298735669033,0.101077102407844,FALSE
"neighbor_env_v_component_of_wind_10m_mean","neighbor_env_v_component_of_wind_10m_mean_lag2",2,0.106180161154201,0.102766380725101,0.0885882535454731,0.0723535146399115,0.0989638872112781,FALSE
"neighbor_env_v_component_of_wind_10m_mean","neighbor_env_v_component_of_wind_10m_mean_lag16",16,0.107212832228014,0.0902239041017228,0.0900147848071101,0.0578507124569579,0.0937507882935709,FALSE
"neighbor_env_v_component_of_wind_10m_mean","neighbor_env_v_component_of_wind_10m_mean_lag1",1,0.0931444265089278,0.0891004596076295,0.0741445027181494,0.0634921005724058,0.0859138169312045,FALSE
"neighbor_env_v_component_of_wind_10m_mean","neighbor_env_v_component_of_wind_10m_mean_lag17",17,0.0958432516178148,0.0769865485743506,0.0801610762591286,0.0475117068914301,0.0820579247761609,FALSE
"neighbor_env_v_component_of_wind_10m_mean","neighbor_env_v_component_of_wind_10m_mean_lag18",18,0.0792121857259989,0.0625582428174272,0.0651224642038287,0.03781330337705,0.0671299592447784,FALSE
"neighbor_env_v_component_of_wind_10m_mean","neighbor_env_v_component_of_wind_10m_mean_lag19",19,0.0662809681145625,0.0487021359838282,0.0528131751010769,0.0283574459759732,0.0543158557029237,FALSE
"neighbor_env_v_component_of_wind_10m_mean","neighbor_env_v_component_of_wind_10m_mean_lag20",20,0.0495693943001533,0.0344614858853373,0.0401668142295302,0.0190289240187277,0.0398171923162317,FALSE
"neighbor_env_wind_speed_10m_mean","neighbor_env_wind_speed_10m_mean_lag13",13,0.0714434531418961,0.0820042892608029,0.0749450351932729,0.0592993737910334,0.0744505751561337,TRUE
"neighbor_env_wind_speed_10m_mean","neighbor_env_wind_speed_10m_mean_lag14",14,0.0677859866176328,0.0819744641224626,0.0790895106822965,0.0573491361134364,0.0734037973036032,TRUE
"neighbor_env_wind_speed_10m_mean","neighbor_env_wind_speed_10m_mean_lag12",12,0.0695555551645246,0.0812663154111164,0.0712630238926059,0.059834594339242,0.0729383454775156,FALSE
"neighbor_env_wind_speed_10m_mean","neighbor_env_wind_speed_10m_mean_lag11",11,0.0710583700199251,0.0773997163010706,0.0690386258297725,0.0528107271651244,0.0711501153043231,FALSE
"neighbor_env_wind_speed_10m_mean","neighbor_env_wind_speed_10m_mean_lag15",15,0.0641359026458672,0.0797814393560528,0.0779502811941454,0.0516982890643748,0.0704402359185247,FALSE
"neighbor_env_wind_speed_10m_mean","neighbor_env_wind_speed_10m_mean_lag10",10,0.0646668640920445,0.0769820784754625,0.064607771575515,0.0533770626003199,0.0678393450995889,FALSE
"neighbor_env_wind_speed_10m_mean","neighbor_env_wind_speed_10m_mean_lag9",9,0.0661563245131524,0.0722707221660009,0.064213251714049,0.0408536925101594,0.0654746395714846,FALSE
"neighbor_env_wind_speed_10m_mean","neighbor_env_wind_speed_10m_mean_lag8",8,0.0632895000082475,0.0699910493443499,0.061200515406076,0.0417135753284781,0.0631641021175807,FALSE
"neighbor_env_wind_speed_10m_mean","neighbor_env_wind_speed_10m_mean_lag16",16,0.0559565575012332,0.0662484243032554,0.0650974371335323,0.0435556657478467,0.0596897536514472,FALSE
"neighbor_env_wind_speed_10m_mean","neighbor_env_wind_speed_10m_mean_lag7",7,0.0504354579237854,0.0624794334804516,0.0518572081081462,0.0414614041985515,0.0539667065237493,FALSE
"neighbor_env_wind_speed_10m_mean","neighbor_env_wind_speed_10m_mean_lag17",17,0.0483576666115203,0.0581751358206996,0.0564422162334083,0.0379087538319548,0.0519615720000597,FALSE
"neighbor_env_wind_speed_10m_mean","neighbor_env_wind_speed_10m_mean_lag18",18,0.0452339448360907,0.0547627472601629,0.0524847468130905,0.0375744766300242,0.0488906991604593,FALSE
"neighbor_env_wind_speed_10m_mean","neighbor_env_wind_speed_10m_mean_lag6",6,0.0416170285681659,0.0500541125873085,0.0425560634391941,0.0321733690213536,0.0437664972508388,FALSE
"neighbor_env_wind_speed_10m_mean","neighbor_env_wind_speed_10m_mean_lag19",19,0.0355499227657246,0.0472853413739284,0.0490552861978309,0.0326461439438412,0.0413927459112235,FALSE
"neighbor_env_wind_speed_10m_mean","neighbor_env_wind_speed_10m_mean_lag5",5,0.0315502580841331,0.0425943175855776,0.0347876626402623,0.0307843117619872,0.0358246949608435,FALSE
"neighbor_env_wind_speed_10m_mean","neighbor_env_wind_speed_10m_mean_lag20",20,0.0202113471471528,0.0345776833806321,0.0358874453183085,0.0232778642887683,0.0278976312687055,FALSE
"neighbor_env_wind_speed_10m_mean","neighbor_env_wind_speed_10m_mean_lag4",4,0.0184984382584361,0.0272803675269278,0.0194146051142152,0.0214072553229526,0.0220004202372267,FALSE
"neighbor_env_wind_speed_10m_mean","neighbor_env_wind_speed_10m_mean_lag1",1,0.0297722955202457,0.0127191010291971,0.0139254450765009,0.0125476611720293,0.0197041864469953,FALSE
"neighbor_env_wind_speed_10m_mean","neighbor_env_wind_speed_10m_mean_lag2",2,0.0213566328134424,0.00498371980152582,0.00752920832360619,0.00495411889347127,0.0119117481937991,FALSE
"neighbor_env_wind_speed_10m_mean","neighbor_env_wind_speed_10m_mean_lag3",3,0.0021630896064808,0.0081444542458837,0.00686877605296875,0.00178651895343732,0.00492476313194066,FALSE
"city_env_rainfall_mean","city_env_rainfall_mean_lag7",7,0.0618591682187228,0.0598933599369701,0.0514548216589536,0.0380646997341703,0.0572310364876887,TRUE
"city_env_rainfall_mean","city_env_rainfall_mean_lag6",6,0.0616914624303163,0.0593390455795458,0.0520151798720853,0.0368644271209972,0.0569339706178801,TRUE
"city_env_rainfall_mean","city_env_rainfall_mean_lag4",4,0.0589162104862719,0.0564673124847224,0.0542115717944015,0.0361610628803636,0.0550778856213582,FALSE
"city_env_rainfall_mean","city_env_rainfall_mean_lag5",5,0.0577209038018029,0.0581684127304225,0.053000247925645,0.0364781257152178,0.0550451557367376,FALSE
"city_env_rainfall_mean","city_env_rainfall_mean_lag20",20,0.0610248861931033,0.0551705779773662,0.0425753418147697,0.0420374931001264,0.0543097073515476,FALSE
"city_env_rainfall_mean","city_env_rainfall_mean_lag8",8,0.0557064621589916,0.0508815950856367,0.050475247571693,0.0317665074401647,0.0508390810233399,FALSE
"city_env_rainfall_mean","city_env_rainfall_mean_lag9",9,0.0541960806099519,0.051713236406864,0.046592554441557,0.0402707568728705,0.0507940238399038,FALSE
"city_env_rainfall_mean","city_env_rainfall_mean_lag19",19,0.0488674181549604,0.0465489575389545,0.0381998729073192,0.0319574735976175,0.0447648306964779,FALSE
"city_env_rainfall_mean","city_env_rainfall_mean_lag3",3,0.0470328548708059,0.0411428850049547,0.041264177352972,0.0260563259548737,0.0420084108984897,FALSE
"city_env_rainfall_mean","city_env_rainfall_mean_lag18",18,0.0441751973017994,0.0394164496956062,0.0301033042746935,0.0266456146185568,0.0386458934172416,FALSE
"city_env_rainfall_mean","city_env_rainfall_mean_lag10",10,0.0362091846563288,0.0384312613610531,0.0354033295790329,0.0263246643478585,0.0358775812105409,FALSE
"city_env_rainfall_mean","city_env_rainfall_mean_lag17",17,0.0390358581534578,0.0296381568033418,0.0236967855661836,0.0158914777693386,0.0311313637544142,FALSE
"city_env_rainfall_mean","city_env_rainfall_mean_lag2",2,0.0306271626356434,0.0256066889963766,0.024457277251839,0.0151298193214876,0.0263947797229138,FALSE
"city_env_rainfall_mean","city_env_rainfall_mean_lag11",11,0.0230103304271259,0.0248864732381091,0.0270577829220694,0.0184014873048234,0.0238132139729813,FALSE
"city_env_rainfall_mean","city_env_rainfall_mean_lag16",16,0.0233295872395744,0.0252299038304256,0.0184602075273733,0.0206601097620712,0.0229973433417918,FALSE
"city_env_rainfall_mean","city_env_rainfall_mean_lag15",15,0.0201921624430888,0.0188755758274719,0.0149760495222793,0.0124834403827092,0.0181780679834635,FALSE
"city_env_rainfall_mean","city_env_rainfall_mean_lag1",1,0.0125648520891644,0.0110706886420246,0.0106019733788608,0.00973433087464591,0.0114644109546681,FALSE
"city_env_rainfall_mean","city_env_rainfall_mean_lag12",12,0.00447082025276197,0.0132555529425123,0.0136797236582322,0.0133820896088369,0.00981793914060261,FALSE
"city_env_rainfall_mean","city_env_rainfall_mean_lag14",14,0.00798172357645407,0.00418523960608264,0.000600560178854457,0.00249782384255932,0.00499738970379465,FALSE
"city_env_rainfall_mean","city_env_rainfall_mean_lag13",13,0.000197067429340978,0.00224284123379398,0.00200084457051063,0.00146941092385675,0.00131088918152655,FALSE
"city_env_rh_mean","city_env_rh_mean_lag20",20,0.152725079344926,0.141182917424982,0.121307797196657,0.102781354715584,0.138978357887771,TRUE
"city_env_rh_mean","city_env_rh_mean_lag19",19,0.141538905069992,0.130439513573257,0.113114039653752,0.092149537884321,0.128451451515132,TRUE
"city_env_rh_mean","city_env_rh_mean_lag18",18,0.130126547752093,0.117988381113392,0.101427012975351,0.0804687145544044,0.116607475892268,FALSE
"city_env_rh_mean","city_env_rh_mean_lag17",17,0.118269634938779,0.104741430718888,0.0876337710956428,0.0698514362986353,0.104097564021332,FALSE
"city_env_rh_mean","city_env_rh_mean_lag16",16,0.100175440606046,0.0937423747129751,0.0780599842923412,0.0641661025776073,0.0910056152935717,FALSE
"city_env_rh_mean","city_env_rh_mean_lag15",15,0.0809059598307871,0.0713092180284684,0.057613758153517,0.0484629028724005,0.0708089642525464,FALSE
"city_env_rh_mean","city_env_rh_mean_lag4",4,0.0713619020819662,0.0651773725815248,0.0677002342629343,0.040400496920938,0.0655519260678541,FALSE
"city_env_rh_mean","city_env_rh_mean_lag5",5,0.0703436095147714,0.0655800650271225,0.0658673464312084,0.038002539911122,0.0647708225211949,FALSE
"city_env_rh_mean","city_env_rh_mean_lag6",6,0.0715442142967109,0.0649165967295811,0.0626519253310844,0.0378850738102306,0.0645247907547235,FALSE
"city_env_rh_mean","city_env_rh_mean_lag7",7,0.0649951031262884,0.0598353310578554,0.0592844777221334,0.0302134523516556,0.0588544240142503,FALSE
"city_env_rh_mean","city_env_rh_mean_lag3",3,0.0627179178504269,0.052479995784665,0.0549626791209095,0.0277475491497903,0.054474322447919,FALSE
"city_env_rh_mean","city_env_rh_mean_lag8",8,0.0563731110701717,0.0503422838377219,0.052423591781157,0.0252647738479612,0.050559059923241,FALSE
"city_env_rh_mean","city_env_rh_mean_lag14",14,0.0566117600493054,0.0488778226436547,0.0341492486874936,0.0327071580236337,0.0481450450504887,FALSE
"city_env_rh_mean","city_env_rh_mean_lag9",9,0.0497020592314367,0.0459165126712012,0.0477421979194468,0.0262518265119117,0.0457381154666033,FALSE
"city_env_rh_mean","city_env_rh_mean_lag2",2,0.0459883605204355,0.0387236381513722,0.0420257289973578,0.0221842934204626,0.0404709062528044,FALSE
"city_env_rh_mean","city_env_rh_mean_lag1",1,0.0408579515143239,0.0316512695258508,0.0344198982979707,0.0165956635457241,0.0342436760390453,FALSE
"city_env_rh_mean","city_env_rh_mean_lag13",13,0.0340097047922149,0.027833208091218,0.0207266169754257,0.0182000871377559,0.0282745060089017,FALSE
"city_env_rh_mean","city_env_rh_mean_lag10",10,0.0224108858714047,0.0283466162459699,0.0273906173624875,0.0164228339229779,0.0246365460313223,FALSE
"city_env_rh_mean","city_env_rh_mean_lag11",11,0.00854425088997675,0.0106139459944605,0.0158564295691909,0.00639812968512995,0.0101508588579435,FALSE
"city_env_rh_mean","city_env_rh_mean_lag12",12,0.013122194560647,0.00481079263249451,0.00200431710314754,0.00239797005959422,0.00747309981706342,FALSE
"city_env_temp_c_mean","city_env_temp_c_mean_lag15",15,0.182231240593493,0.167712178240321,0.149168947465194,0.109522728878002,0.164919373629089,TRUE
"city_env_temp_c_mean","city_env_temp_c_mean_lag14",14,0.178662485261955,0.162636938604217,0.145293569936648,0.106595347560688,0.160841492862824,TRUE
"city_env_temp_c_mean","city_env_temp_c_mean_lag16",16,0.175520784061125,0.163402893807835,0.145422275927652,0.109280693745456,0.160140737220886,FALSE
"city_env_temp_c_mean","city_env_temp_c_mean_lag17",17,0.172951255963677,0.157521854980818,0.141507696797162,0.104044600311756,0.155943766179507,FALSE
"city_env_temp_c_mean","city_env_temp_c_mean_lag13",13,0.172633877904663,0.156940402487067,0.14316848793519,0.0997686043052806,0.155434825653145,FALSE
"city_env_temp_c_mean","city_env_temp_c_mean_lag18",18,0.16222928531168,0.145966489039917,0.129140652106867,0.100379581986332,0.145389041303306,FALSE
"city_env_temp_c_mean","city_env_temp_c_mean_lag12",12,0.162631568312563,0.145161078499052,0.132913792908051,0.0885866727226086,0.144654741008162,FALSE
"city_env_temp_c_mean","city_env_temp_c_mean_lag19",19,0.15016203808323,0.135974658473092,0.123398587741497,0.0964623830022595,0.135811972160325,FALSE
"city_env_temp_c_mean","city_env_temp_c_mean_lag11",11,0.150925608708268,0.13488084790122,0.122143039444058,0.0849994471329839,0.134399940878641,FALSE
"city_env_temp_c_mean","city_env_temp_c_mean_lag20",20,0.136021997739248,0.124866097192225,0.111862066884106,0.0916963632009622,0.12406087946569,FALSE
"city_env_temp_c_mean","city_env_temp_c_mean_lag10",10,0.131082328301583,0.115524791077295,0.107972265017764,0.0720741327212322,0.116269861222474,FALSE
"city_env_temp_c_mean","city_env_temp_c_mean_lag9",9,0.109735538057456,0.0972167183785531,0.088955182076646,0.0592848099583109,0.097191824962804,FALSE
"city_env_temp_c_mean","city_env_temp_c_mean_lag8",8,0.0920703843928894,0.0823606800332347,0.0743019957132448,0.0545921142535899,0.0822589025511336,FALSE
"city_env_temp_c_mean","city_env_temp_c_mean_lag7",7,0.0772178602780972,0.0663387899519449,0.0605543320337161,0.0456201558883119,0.0677508859883082,FALSE
"city_env_temp_c_mean","city_env_temp_c_mean_lag6",6,0.0574263476020541,0.0495736616161579,0.0417340952239194,0.0358983314680029,0.0501712680368651,FALSE
"city_env_temp_c_mean","city_env_temp_c_mean_lag5",5,0.0437641183690808,0.0355625782553253,0.024932067334207,0.0290470425368147,0.0365970640908087,FALSE
"city_env_temp_c_mean","city_env_temp_c_mean_lag4",4,0.0281025543959596,0.0237034234245613,0.0120641455906894,0.0202291007093213,0.0233697518665158,FALSE
"city_env_temp_c_mean","city_env_temp_c_mean_lag3",3,0.0190902792237783,0.0178981012064499,0.00529996697239475,0.0182605544895303,0.016521497606581,FALSE
"city_env_temp_c_mean","city_env_temp_c_mean_lag2",2,0.00970297202415724,0.0128469733720804,0.00322005179981331,0.0164285079870452,0.0105034880585675,FALSE
"city_env_temp_c_mean","city_env_temp_c_mean_lag1",1,0.00521359851345847,0.00816422208103891,0.00701744557255224,0.0128209799980381,0.00727763196943365,FALSE
"city_env_u_component_of_wind_10m_mean","city_env_u_component_of_wind_10m_mean_lag6",6,0.152053399551508,0.13964448750434,0.131965541209777,0.0942584139418033,0.138917603022769,TRUE
"city_env_u_component_of_wind_10m_mean","city_env_u_component_of_wind_10m_mean_lag5",5,0.147888236083952,0.138328789238265,0.128803704689731,0.091018884662277,0.135992814836661,TRUE
"city_env_u_component_of_wind_10m_mean","city_env_u_component_of_wind_10m_mean_lag4",4,0.144584556508652,0.139069564538622,0.128504009096531,0.0925650234222573,0.135040273898684,FALSE
"city_env_u_component_of_wind_10m_mean","city_env_u_component_of_wind_10m_mean_lag7",7,0.148573985638048,0.134565965338118,0.124768677965686,0.0927991117011088,0.134522894988524,FALSE
"city_env_u_component_of_wind_10m_mean","city_env_u_component_of_wind_10m_mean_lag3",3,0.142240528797356,0.137379338597267,0.124021705653536,0.0939118668063936,0.132973422556656,FALSE
"city_env_u_component_of_wind_10m_mean","city_env_u_component_of_wind_10m_mean_lag8",8,0.146698328301654,0.131219709054838,0.122970488533977,0.0912419578092162,0.132175998550873,FALSE
"city_env_u_component_of_wind_10m_mean","city_env_u_component_of_wind_10m_mean_lag9",9,0.139055029092326,0.126330331479978,0.118290752282691,0.0881431973181757,0.126395560229144,FALSE
"city_env_u_component_of_wind_10m_mean","city_env_u_component_of_wind_10m_mean_lag2",2,0.134739820228544,0.127815798354043,0.114708020414688,0.0874734670972072,0.124585007287257,FALSE
"city_env_u_component_of_wind_10m_mean","city_env_u_component_of_wind_10m_mean_lag10",10,0.131140391351784,0.117201527487799,0.111410416846375,0.0786818768279158,0.118056441371191,FALSE
"city_env_u_component_of_wind_10m_mean","city_env_u_component_of_wind_10m_mean_lag11",11,0.120369587991202,0.110470832291118,0.108082947675659,0.0744544971876181,0.110470518368483,FALSE
"city_env_u_component_of_wind_10m_mean","city_env_u_component_of_wind_10m_mean_lag1",1,0.11803511707281,0.11319306506168,0.0998682868161404,0.0797714182550613,0.109789004448639,FALSE
"city_env_u_component_of_wind_10m_mean","city_env_u_component_of_wind_10m_mean_lag12",12,0.113430421970732,0.0987308936239664,0.0986206095421227,0.0624759996754584,0.100968672955545,FALSE
"city_env_u_component_of_wind_10m_mean","city_env_u_component_of_wind_10m_mean_lag13",13,0.103850883523318,0.0879011066361855,0.0898915389707616,0.0544122225029369,0.0912306938279,FALSE
"city_env_u_component_of_wind_10m_mean","city_env_u_component_of_wind_10m_mean_lag14",14,0.0939318629675115,0.0765255056175159,0.0792430250298712,0.0477161019452828,0.0810147361021441,FALSE
"city_env_u_component_of_wind_10m_mean","city_env_u_component_of_wind_10m_mean_lag15",15,0.08021404627612,0.0623016435736007,0.0647891162989945,0.0414690818951095,0.0677564693955684,FALSE
"city_env_u_component_of_wind_10m_mean","city_env_u_component_of_wind_10m_mean_lag16",16,0.0722973115472623,0.0572932483652629,0.0635182873902703,0.0354153497387726,0.0620408396291647,FALSE
"city_env_u_component_of_wind_10m_mean","city_env_u_component_of_wind_10m_mean_lag17",17,0.0575577065213171,0.0419361133843225,0.0505457105977002,0.0247821291803997,0.0477607918007347,FALSE
"city_env_u_component_of_wind_10m_mean","city_env_u_component_of_wind_10m_mean_lag18",18,0.0403900007057133,0.0275610336199762,0.0354039707950225,0.014854777290435,0.0325984353975739,FALSE
"city_env_u_component_of_wind_10m_mean","city_env_u_component_of_wind_10m_mean_lag19",19,0.0244776363823215,0.0133158788992868,0.0222843393823424,0.0048051960397347,0.0182747826790038,FALSE
"city_env_u_component_of_wind_10m_mean","city_env_u_component_of_wind_10m_mean_lag20",20,0.0121964457717663,0.000576327471858204,0.01240438893001,0.00470216663653481,0.00741116792701186,FALSE
"city_env_v_component_of_wind_10m_mean","city_env_v_component_of_wind_10m_mean_lag9",9,0.15182637974614,0.138137159533817,0.128558488942814,0.0918610205516455,0.137548433131879,TRUE
"city_env_v_component_of_wind_10m_mean","city_env_v_component_of_wind_10m_mean_lag8",8,0.150977488505807,0.135889147068622,0.127018593907655,0.0915567394877189,0.13616065991126,TRUE
"city_env_v_component_of_wind_10m_mean","city_env_v_component_of_wind_10m_mean_lag11",11,0.1484807693609,0.134140287704423,0.127295123067299,0.0887265372027732,0.13430833062128,FALSE
"city_env_v_component_of_wind_10m_mean","city_env_v_component_of_wind_10m_mean_lag10",10,0.149711435542004,0.13328891887334,0.1264666766665,0.0874892839589238,0.134254625718338,FALSE
"city_env_v_component_of_wind_10m_mean","city_env_v_component_of_wind_10m_mean_lag7",7,0.147216022888617,0.133547723893011,0.123346907613061,0.0881642127270169,0.132946569932661,FALSE
"city_env_v_component_of_wind_10m_mean","city_env_v_component_of_wind_10m_mean_lag6",6,0.144244701187368,0.130973659040164,0.119704872349583,0.0876034786088444,0.130254739852326,FALSE
"city_env_v_component_of_wind_10m_mean","city_env_v_component_of_wind_10m_mean_lag12",12,0.144059468346929,0.125427133677424,0.11862334698197,0.0804507570750855,0.127361861880674,FALSE
"city_env_v_component_of_wind_10m_mean","city_env_v_component_of_wind_10m_mean_lag5",5,0.138994757809692,0.127659579567963,0.114542687386533,0.0857693643416948,0.126037095514813,FALSE
"city_env_v_component_of_wind_10m_mean","city_env_v_component_of_wind_10m_mean_lag4",4,0.129990063977408,0.122082247692904,0.108967489275397,0.080359241288536,0.119105859803643,FALSE
"city_env_v_component_of_wind_10m_mean","city_env_v_component_of_wind_10m_mean_lag13",13,0.134002342851372,0.117074852381915,0.114392615744644,0.0735175298637053,0.119087780822286,FALSE
"city_env_v_component_of_wind_10m_mean","city_env_v_component_of_wind_10m_mean_lag3",3,0.118855086598365,0.114400787062336,0.0995683043962632,0.0805676992873543,0.110574325699338,FALSE
"city_env_v_component_of_wind_10m_mean","city_env_v_component_of_wind_10m_mean_lag14",14,0.125296997744091,0.107626948085684,0.105084292918173,0.0697862276425911,0.110529497629611,FALSE
"city_env_v_component_of_wind_10m_mean","city_env_v_component_of_wind_10m_mean_lag15",15,0.116072208695136,0.0972856492692607,0.0939994691466141,0.0643641340558135,0.101015194499869,FALSE
"city_env_v_component_of_wind_10m_mean","city_env_v_component_of_wind_10m_mean_lag2",2,0.10541260653866,0.102139773573369,0.0876800349623849,0.0722775313935867,0.0982937217498596,FALSE
"city_env_v_component_of_wind_10m_mean","city_env_v_component_of_wind_10m_mean_lag16",16,0.106807449381752,0.0907486277760488,0.0906551223691797,0.0589626738161357,0.0939795352113085,FALSE
"city_env_v_component_of_wind_10m_mean","city_env_v_component_of_wind_10m_mean_lag1",1,0.0924029799344787,0.0883267651304236,0.0734511453263987,0.0631691623908189,0.0852101478074814,FALSE
"city_env_v_component_of_wind_10m_mean","city_env_v_component_of_wind_10m_mean_lag17",17,0.0952794345481733,0.077272701597613,0.0803909696207511,0.0483011542388441,0.0820459802454309,FALSE
"city_env_v_component_of_wind_10m_mean","city_env_v_component_of_wind_10m_mean_lag18",18,0.0788076442434975,0.0627962954519004,0.0650871171418022,0.0386355059898327,0.0671283792758177,FALSE
"city_env_v_component_of_wind_10m_mean","city_env_v_component_of_wind_10m_mean_lag19",19,0.0659585156130833,0.0489300863181025,0.0530424778886108,0.0289910748782759,0.0543644156276884,FALSE
"city_env_v_component_of_wind_10m_mean","city_env_v_component_of_wind_10m_mean_lag20",20,0.0492509534717889,0.0346661137357069,0.0400371458719519,0.0198331638967073,0.0398224094666765,FALSE
"city_env_wind_speed_10m_mean","city_env_wind_speed_10m_mean_lag13",13,0.0750142692811002,0.0721103874595538,0.0642395082492756,0.0539897045292895,0.0702792400136042,TRUE
"city_env_wind_speed_10m_mean","city_env_wind_speed_10m_mean_lag14",14,0.0712484442993789,0.0723582621610699,0.0685214943459803,0.0525539497278815,0.0693583886008112,TRUE
"city_env_wind_speed_10m_mean","city_env_wind_speed_10m_mean_lag12",12,0.0729735201977233,0.0712792676275762,0.0603437983087449,0.0545232658667256,0.0686410480817253,FALSE
"city_env_wind_speed_10m_mean","city_env_wind_speed_10m_mean_lag15",15,0.0677662481437511,0.070375246266905,0.0679558652928805,0.0468879764434422,0.0666200128891935,FALSE
"city_env_wind_speed_10m_mean","city_env_wind_speed_10m_mean_lag11",11,0.0742836934339138,0.0668506521908167,0.0577389628140593,0.0467121904967728,0.0664432691121376,FALSE
"city_env_wind_speed_10m_mean","city_env_wind_speed_10m_mean_lag10",10,0.068067429954426,0.0666123387080862,0.0534211364329339,0.0477975645654163,0.0633342174510823,FALSE
"city_env_wind_speed_10m_mean","city_env_wind_speed_10m_mean_lag9",9,0.0692717485356884,0.0617293054163595,0.052815030845187,0.0348399674168694,0.0607202076784662,FALSE
"city_env_wind_speed_10m_mean","city_env_wind_speed_10m_mean_lag8",8,0.0660203636524367,0.0589200915745357,0.04959427371582,0.0351452480062639,0.0579838433700616,FALSE
"city_env_wind_speed_10m_mean","city_env_wind_speed_10m_mean_lag16",16,0.0598771442190926,0.0566682775739798,0.0548791116350395,0.0382863956601771,0.0558452611498036,FALSE
"city_env_wind_speed_10m_mean","city_env_wind_speed_10m_mean_lag7",7,0.0528303481229254,0.0511883635753196,0.0397204753157033,0.034742183017201,0.0484803560996076,FALSE
"city_env_wind_speed_10m_mean","city_env_wind_speed_10m_mean_lag17",17,0.0524192756569443,0.0486693524826549,0.0458421891030147,0.033042062250225,0.0481825182221817,FALSE
"city_env_wind_speed_10m_mean","city_env_wind_speed_10m_mean_lag18",18,0.0493839324200572,0.045279481616487,0.042423693425401,0.0326144062813841,0.0452263861757419,FALSE
"city_env_wind_speed_10m_mean","city_env_wind_speed_10m_mean_lag6",6,0.0439087835420829,0.038267974952699,0.0299536377026431,0.025399066960926,0.0379902570017669,FALSE
"city_env_wind_speed_10m_mean","city_env_wind_speed_10m_mean_lag19",19,0.0393417543122561,0.0377136464040609,0.0387929602754279,0.0277994819006912,0.0375353701977071,FALSE
"city_env_wind_speed_10m_mean","city_env_wind_speed_10m_mean_lag5",5,0.0336771641075168,0.0306318419443921,0.0219269917143166,0.0241270968140137,0.0298937687620928,FALSE
"city_env_wind_speed_10m_mean","city_env_wind_speed_10m_mean_lag1",1,0.0285149614034187,0.0259474225607302,0.0277697848162399,0.0203838786485018,0.0266914380449092,FALSE
"city_env_wind_speed_10m_mean","city_env_wind_speed_10m_mean_lag20",20,0.0238373484744315,0.0247478723548248,0.0253664701178616,0.0183144081075771,0.0238331060423982,FALSE
"city_env_wind_speed_10m_mean","city_env_wind_speed_10m_mean_lag2",2,0.020295633256928,0.0183803235258601,0.0215533383541145,0.0128097923791534,0.0190653465278548,FALSE
"city_env_wind_speed_10m_mean","city_env_wind_speed_10m_mean_lag4",4,0.0206490518410631,0.0154654410594201,0.00689252983495798,0.0147692917983345,0.0161833337622994,FALSE
"city_env_wind_speed_10m_mean","city_env_wind_speed_10m_mean_lag3",3,0.000682442366191303,0.00469257681142716,0.00650990089895205,0.00559901172536585,0.00345176513785542,FALSE
