variable,feature,lag,cor_log_incidence,cor_cases,cor_outbreak,cor_large_outbreak,peak_lift,selection_score,selected
city_dengue_cases,city_dengue_cases_lag1,1,0.4220100531731766,0.3613243080747363,0.39418640205748356,0.12675608103791106,0.4119166640490291,0.35447897728247096,TRUE
city_dengue_cases,city_dengue_cases_lag2,2,0.37654281700920167,0.31449542535177777,0.35052924217543735,0.08581165644568922,0.2786191502312146,0.3094692801422639,TRUE
city_dengue_cases,city_dengue_cases_lag3,3,0.33291506578729013,0.2707993890750955,0.30387829877864675,0.05903074372448058,0.19149896186867904,0.2676304732407356,TRUE
city_dengue_cases,city_dengue_cases_lag4,4,0.293652548897113,0.2331177866212204,0.25828028225966343,0.04021797650294259,0.1303560660103227,0.23056418330275466,TRUE
city_dengue_cases,city_dengue_cases_lag5,5,0.25195655706765396,0.19171868913059062,0.21624890472179872,0.002082416799941741,0.006743741520577108,0.1892708200292196,FALSE
city_dengue_cases,city_dengue_cases_lag6,6,0.2117997611981529,0.15110774049459672,0.16927477141022834,0.025103141524603058,0.08122372909512915,0.15718123582049065,FALSE
city_dengue_cases,city_dengue_cases_lag7,7,0.170263859954455,0.11034018530817792,0.11733515262780372,0.045197156203115436,0.14611234682813484,0.12311635850285382,FALSE
city_dengue_cases,city_dengue_cases_lag20,20,0.07970126756346718,0.10845207334937076,0.1620700291852857,0.10711159353250786,0.3423149312166157,0.10926147969594294,FALSE
city_dengue_cases,city_dengue_cases_lag8,8,0.1415795556008115,0.0813736064415207,0.08155251564185063,0.06851045961750396,0.22128552437767918,0.10081456755582208,FALSE
city_dengue_cases,city_dengue_cases_lag19,19,0.0622107136012399,0.0945619061350471,0.1473962730887218,0.10041100047578662,0.3211871526105199,0.09501579547644645,FALSE
city_dengue_cases,city_dengue_cases_lag18,18,0.05009138510331402,0.08643933337043777,0.12601747290204532,0.11056306338282897,0.3539759689003066,0.08562318519765498,FALSE
city_dengue_cases,city_dengue_cases_lag9,9,0.11115463946156393,0.05239793353529601,0.048134100517394356,0.08373374072294645,0.27021925606526154,0.07712735231566405,FALSE
city_dengue_cases,city_dengue_cases_lag17,17,0.03537634060663438,0.07611990755401413,0.10248083509262818,0.12078112305110851,0.3870338612636572,0.07424253515655704,FALSE
city_dengue_cases,city_dengue_cases_lag16,16,0.02207090967601557,0.06581073727693865,0.08524161831743242,0.12729465686589,0.40826824116525945,0.06405029960585018,FALSE
city_dengue_cases,city_dengue_cases_lag10,10,0.08860036493991723,0.03140551033044554,0.01667950112620827,0.07337750506232592,0.23659075797908963,0.055048610859230435,FALSE
city_dengue_cases,city_dengue_cases_lag15,15,0.007056724907671941,0.0538133102887629,0.0705458620186191,0.12917921720169964,0.41467985505556493,0.05255227184580059,FALSE
city_dengue_cases,city_dengue_cases_lag14,14,0.010231655629094602,0.03805920355261697,0.056985295532204244,0.11408892622198401,0.3665624659395426,0.04391416669693316,FALSE
city_dengue_cases,city_dengue_cases_lag11,11,0.06874734785915534,0.01309542886561317,0.004766011413026653,0.08075528484024927,0.26015020767932057,0.04135476797167392,FALSE
city_dengue_cases,city_dengue_cases_lag13,13,0.02972267808977864,0.021656806491530425,0.03327306430910037,0.10704886427467124,0.344246967196224,0.03999692802143925,FALSE
city_dengue_cases,city_dengue_cases_lag12,12,0.04835357349432693,0.0049358604859710015,0.019011685264298014,0.0942074546478718,0.30321887746945814,0.03668123934427681,FALSE
city_incidence_10000,city_incidence_10000_lag1,1,0.42497224171596953,0.36359352864359323,0.3952132204737225,0.12875864958131722,0.41842436967614655,0.35671059174114594,TRUE
city_incidence_10000,city_incidence_10000_lag2,2,0.37952821079273563,0.31686405857625644,0.3514311800759407,0.08793884832121103,0.28552586167912025,0.3117329765589623,TRUE
city_incidence_10000,city_incidence_10000_lag3,3,0.3359565925666196,0.2732476979892893,0.3046646710351267,0.06122032305036693,0.19860207663221185,0.26992411791770254,TRUE
city_incidence_10000,city_incidence_10000_lag4,4,0.2967398053545534,0.23563084164959522,0.25905486582923265,0.04251448136883281,0.13779958644828824,0.2329072654458402,TRUE
city_incidence_10000,city_incidence_10000_lag5,5,0.2550072072739766,0.19417138917973856,0.21706269455780744,1.0803712481535279e-4,3.4986965294155233e-4,0.19093311308473873,FALSE
city_incidence_10000,city_incidence_10000_lag6,6,0.21483026599223326,0.15351062083239622,0.17020197619954103,0.023385416334543833,0.07566585703291899,0.1588838138375784,FALSE
city_incidence_10000,city_incidence_10000_lag7,7,0.17333760551647157,0.11272260858098486,0.11832790542195279,0.04364542036681914,0.14109592996679923,0.12486666645891298,FALSE
city_incidence_10000,city_incidence_10000_lag20,20,0.07542463030601285,0.10532052279860997,0.15985925962974515,0.10618822717202223,0.339363969928715,0.10624151825531733,FALSE
city_incidence_10000,city_incidence_10000_lag8,8,0.14459321501328587,0.08370276827849506,0.08256409777101026,0.06701288864418369,0.2164484409864228,0.10254003817325938,FALSE
city_incidence_10000,city_incidence_10000_lag19,19,0.05805666421037179,0.0915154056427001,0.14532400463799622,0.09944268303891662,0.31808977101079533,0.09208501958144433,FALSE
city_incidence_10000,city_incidence_10000_lag18,18,0.04600642438727131,0.08340496007952683,0.12409598285887519,0.10953059061431471,0.350670428910226,0.08274049934111329,FALSE
city_incidence_10000,city_incidence_10000_lag9,9,0.11413510332049545,0.05466982294396536,0.04908673440608151,0.08248679116814965,0.2661951933444876,0.07885084559913574,FALSE
city_incidence_10000,city_incidence_10000_lag17,17,0.03141244901182746,0.07314501790419912,0.10064537296178244,0.11966464734798794,0.38345619957521865,0.07142433851214161,FALSE
city_incidence_10000,city_incidence_10000_lag16,16,0.018200722216099672,0.06288516621013533,0.08350306564077191,0.12605922585892426,0.40430588043838844,0.0612807696933621,FALSE
city_incidence_10000,city_incidence_10000_lag10,10,0.09164050180531107,0.03374513893866156,0.01772852918608271,0.07196679952301199,0.2320422260208625,0.056807473536656126,FALSE
city_incidence_10000,city_incidence_10000_lag15,15,0.0033384573742530656,0.050961265561119636,0.06893809462099404,0.1278082343298027,0.4102788445915891,0.04986326284969669,FALSE
city_incidence_10000,city_incidence_10000_lag14,14,0.0137972730852098,0.03533758884963599,0.055367356437555484,0.11277148528518244,0.3623295881410893,0.04381976851976172,FALSE
city_incidence_10000,city_incidence_10000_lag11,11,0.07176573277222324,0.015407223837959812,0.0037675231679159134,0.07945698719363632,0.25596778859752795,0.042705506784571697,FALSE
city_incidence_10000,city_incidence_10000_lag13,13,0.03303285484579925,0.019132487879720498,0.03205451942932867,0.10580430649843457,0.34024472656373256,0.039963325538383956,FALSE
city_incidence_10000,city_incidence_10000_lag12,12,0.05156205506350497,0.002501039386834542,0.017860918917749713,0.0930547764002496,0.2995088328347123,0.03666650639243054,FALSE
target_log_incidence_city,target_log_incidence_city_lag1,1,0.45979063818360527,0.39085098564705734,0.40499877264247414,0.14582584156126857,0.47388727630026006,0.3816624790146717,TRUE
target_log_incidence_city,target_log_incidence_city_lag2,2,0.4132634821338702,0.3436070357355691,0.35969284960044956,0.1078003584866573,0.35001356953756496,0.3362764947285737,TRUE
target_log_incidence_city,target_log_incidence_city_lag3,3,0.3688907405536827,0.2988456453910959,0.31327612099325625,0.0777512730405383,0.2522293822537787,0.2933996273513858,TRUE
target_log_incidence_city,target_log_incidence_city_lag4,4,0.3285544882300476,0.26015062581153403,0.26828833778224825,0.056323731729652285,0.1825586642117175,0.2553719437569204,TRUE
target_log_incidence_city,target_log_incidence_city_lag5,5,0.2864151606631116,0.2187981846428364,0.22954297183249467,0.015413876850814185,0.04991661658606098,0.21416668728628802,FALSE
target_log_incidence_city,target_log_incidence_city_lag6,6,0.246559918365697,0.17822022982424074,0.1870968292983982,0.010874277779154092,0.03518481496379472,0.1788552475955911,FALSE
target_log_incidence_city,target_log_incidence_city_lag7,7,0.20579020164306505,0.13774656674520994,0.1388801457665126,0.03544895093985494,0.114598568416175,0.14658144098619336,FALSE
target_log_incidence_city,target_log_incidence_city_lag8,8,0.17316441582793976,0.10531416442353067,0.10303006016944113,0.06410618714855136,0.20705993319677649,0.12266942450219442,FALSE
target_log_incidence_city,target_log_incidence_city_lag9,9,0.1398441188199521,0.07398758016863646,0.0654735208046876,0.08101081080089642,0.26143201969694563,0.09669470120688375,FALSE
target_log_incidence_city,target_log_incidence_city_lag20,20,0.04613901246160233,0.0780193520406507,0.1351620166510237,0.08872068869350676,0.2835399543724614,0.08018459807951914,FALSE
target_log_incidence_city,target_log_incidence_city_lag10,10,0.11318682082405694,0.04904613809619814,0.029665107015823516,0.07372816144886164,0.23772137697066026,0.07159708921484124,FALSE
target_log_incidence_city,target_log_incidence_city_lag19,19,0.028844834798006317,0.06464395837017424,0.122263788561613,0.07807153953384831,0.24972936508468088,0.0659109474408066,FALSE
target_log_incidence_city,target_log_incidence_city_lag18,18,0.017528755849440542,0.05805639238486649,0.1026361483136865,0.09170258897066516,0.2935927395316469,0.058142683148095405,FALSE
target_log_incidence_city,target_log_incidence_city_lag11,11,0.0897202147515983,0.027358819083994363,0.005925330232968403,0.08399527143141464,0.2705877054984602,0.05370410916963387,FALSE
target_log_incidence_city,target_log_incidence_city_lag17,17,0.0037637595758541463,0.049385677659612076,0.08159421396032797,0.10342074957252193,0.33140387249685005,0.048317334773697866,FALSE
target_log_incidence_city,target_log_incidence_city_lag15,15,0.020036713804576042,0.03283078886761078,0.05546378217196542,0.1201455792752363,0.38568085723357737,0.046397415141027853,FALSE
target_log_incidence_city,target_log_incidence_city_lag16,16,0.007751756909218848,0.0413753954678403,0.06752609132786727,0.11444975198250879,0.36707117119204247,0.04619377987560373,FALSE
target_log_incidence_city,target_log_incidence_city_lag14,14,0.0350739123240621,0.019805339046101218,0.04373487667817775,0.11208192884165241,0.36011407453632027,0.04417454048932489,FALSE
target_log_incidence_city,target_log_incidence_city_lag12,12,0.06962895779896133,0.009429387390199669,0.009690536207108144,0.09533700365381476,0.3068544759813322,0.04378500031985501,FALSE
target_log_incidence_city,target_log_incidence_city_lag13,13,0.05293703171317107,0.005344910147516741,0.021039390075746987,0.10615146114969068,0.3413611035055662,0.04064380999907613,FALSE
city_area_weighted_rainfall,city_area_weighted_rainfall_lag19,19,0.18158122516225042,0.19463169788855403,0.21907582694966315,0.16117912467058443,0.515567655616199,0.1904688102906149,TRUE
city_area_weighted_rainfall,city_area_weighted_rainfall_lag20,20,0.17017493790580648,0.1843451969164887,0.16671379361994762,0.16790804580792634,0.5366126042575331,0.17394189405105326,TRUE
city_area_weighted_rainfall,city_area_weighted_rainfall_lag16,16,0.16287928158666964,0.17359126543790396,0.19525978748251976,0.12732429969998027,0.4083633137175089,0.1676755708818327,TRUE
city_area_weighted_rainfall,city_area_weighted_rainfall_lag13,13,0.17024688840013483,0.17503727144943085,0.16744158664335454,0.14192625276590717,0.4564054220603773,0.1673852920144777,TRUE
city_area_weighted_rainfall,city_area_weighted_rainfall_lag15,15,0.16497913232005273,0.17444006355962893,0.20518561557533424,0.10597881397979898,0.3402039443514827,0.16737978563214528,FALSE
city_area_weighted_rainfall,city_area_weighted_rainfall_lag14,14,0.17020447927060306,0.1762618945116746,0.179300383041393,0.10378252796438289,0.33344848296826074,0.16424594021906802,FALSE
city_area_weighted_rainfall,city_area_weighted_rainfall_lag18,18,0.16246526334094888,0.17384863128688122,0.18021988653755044,0.1105101993018077,0.35380672056733625,0.16200920746920958,FALSE
city_area_weighted_rainfall,city_area_weighted_rainfall_lag17,17,0.16090865383160335,0.17024310712351293,0.16903775246807654,0.11778093818029473,0.3774199985542669,0.1592669385989976,FALSE
city_area_weighted_rainfall,city_area_weighted_rainfall_lag12,12,0.15225592710158967,0.15937908337191828,0.1342667233116814,0.1362165061767323,0.4384304432196954,0.148885468830803,FALSE
city_area_weighted_rainfall,city_area_weighted_rainfall_lag11,11,0.1421982779529169,0.1507497738797136,0.12072215822574069,0.1285900757995198,0.41424824382745673,0.13890190606965938,FALSE
city_area_weighted_rainfall,city_area_weighted_rainfall_lag10,10,0.12828368992546835,0.13529459784748799,0.11539833019712935,0.11996451200131439,0.3868010339266956,0.1270104719664959,FALSE
city_area_weighted_rainfall,city_area_weighted_rainfall_lag9,9,0.11508872984977495,0.11550984753169631,0.096994245834511425,0.09406619929318896,0.30356339242097785,0.10879886867683429,FALSE
city_area_weighted_rainfall,city_area_weighted_rainfall_lag8,8,0.10316528935700206,0.10025952118756426,0.05805016810612852,0.06980324317916982,0.22546115376299597,0.08853375146641262,FALSE
city_area_weighted_rainfall,city_area_weighted_rainfall_lag7,7,0.07498756287045112,0.07637338635947769,0.0454913639842272,0.06073490631394475,0.19634243482153516,0.06760180025443337,FALSE
city_area_weighted_rainfall,city_area_weighted_rainfall_lag1,1,0.04791610030887867,0.054587190567997816,0.07851987465118089,0.055398577368151986,0.18002763256561963,0.05739108548831858,FALSE
city_area_weighted_rainfall,city_area_weighted_rainfall_lag6,6,0.06307868475560159,0.06425556612507052,0.02768542540864646,0.04958931325180727,0.16045119060635402,0.054524412418997636,FALSE
city_area_weighted_rainfall,city_area_weighted_rainfall_lag5,5,0.05332979285295284,0.04867481545208046,0.03373966580300146,0.012068630223450534,0.0390833010647577,0.04187405666818227,FALSE
city_area_weighted_rainfall,city_area_weighted_rainfall_lag2,2,0.022541151918847063,0.027381959245886746,0.048844919549601414,0.018370804452316158,0.05964758329549638,0.02870418168877267,FALSE
city_area_weighted_rainfall,city_area_weighted_rainfall_lag4,4,0.02567542638418396,0.015180218241312403,0.002194839518148676,0.019551392067013215,0.06337073061584542,0.016990750660786588,FALSE
city_area_weighted_rainfall,city_area_weighted_rainfall_lag3,3,0.0058182795313847825,0.0016134369338078691,0.031495647540335035,0.019043213173772514,0.061777225278459955,0.01175350016287896,FALSE
city_area_weighted_rh,city_area_weighted_rh_lag13,13,0.3716518099182167,0.39611138841320354,0.3827579838192517,0.3263648411834434,1.0495217067516298,0.37559165932339206,TRUE
city_area_weighted_rh,city_area_weighted_rh_lag14,14,0.3684403509138518,0.3880241684518746,0.3769919844899513,0.275904505256859,0.8864684691679691,0.36312469526521945,TRUE
city_area_weighted_rh,city_area_weighted_rh_lag12,12,0.35122914862114574,0.37463863620489785,0.33604542737054244,0.33298601643609815,1.07175856157511,0.3536921226895071,TRUE
city_area_weighted_rh,city_area_weighted_rh_lag15,15,0.35223116780457325,0.37204564194886774,0.38813868510737115,0.2419043919917081,0.7765403781499347,0.34965511717273823,TRUE
city_area_weighted_rh,city_area_weighted_rh_lag16,16,0.34277290646181796,0.36173147659064564,0.37159519260778257,0.24787945019472943,0.7950161429386089,0.34084721282883623,FALSE
city_area_weighted_rh,city_area_weighted_rh_lag11,11,0.33640862592188286,0.36193796325253735,0.31745887594393934,0.32636609582445036,1.051376485734474,0.339975734248561,FALSE
city_area_weighted_rh,city_area_weighted_rh_lag17,17,0.3209215099856173,0.33554552944200694,0.3189566297315536,0.23723955658421536,0.7602159946778931,0.3131717355102653,FALSE
city_area_weighted_rh,city_area_weighted_rh_lag18,18,0.3098898523375025,0.32437848319953877,0.333139155750579,0.21969600650386145,0.7033732999103526,0.30609531341032864,FALSE
city_area_weighted_rh,city_area_weighted_rh_lag10,10,0.3051342723010904,0.32730964359122056,0.2862062917170825,0.2842000631374574,0.9163449789654574,0.305923569356001,FALSE
city_area_weighted_rh,city_area_weighted_rh_lag19,19,0.30017335095173525,0.3163790556008027,0.2966000045282461,0.24742372342041546,0.7914403881111941,0.2972274358962254,FALSE
city_area_weighted_rh,city_area_weighted_rh_lag9,9,0.2846936077190689,0.3026712796116337,0.2809217808990166,0.21393389150425657,0.6903914299170155,0.2795284157473435,FALSE
city_area_weighted_rh,city_area_weighted_rh_lag20,20,0.26145579087890713,0.2765834954218114,0.26747985227464394,0.2131061597945383,0.6810599861485408,0.2606421616376859,FALSE
city_area_weighted_rh,city_area_weighted_rh_lag8,8,0.2573737066491155,0.27380834642273394,0.23762550140962663,0.18379000414353108,0.5936329672235454,0.24802128473734814,FALSE
city_area_weighted_rh,city_area_weighted_rh_lag7,7,0.22441813927181156,0.24342500467443728,0.22152834991098025,0.13104336399859742,0.4236340303708202,0.216044423702368,FALSE
city_area_weighted_rh,city_area_weighted_rh_lag6,6,0.20081735251026547,0.21807023273977558,0.18260961436961473,0.15852849641665198,0.5129348304805585,0.19663082955745637,FALSE
city_area_weighted_rh,city_area_weighted_rh_lag5,5,0.15190103505381156,0.16640484085819923,0.1458471504071954,0.09733776664215378,0.3152206312497064,0.14724369845944338,FALSE
city_area_weighted_rh,city_area_weighted_rh_lag4,4,0.10326880960643102,0.11511656088666358,0.08600666584755329,0.07141500139719267,0.2314730735501136,0.09887976949664842,FALSE
city_area_weighted_rh,city_area_weighted_rh_lag3,3,0.059363674704145095,0.06689272080923689,0.035974291537304436,0.032420672592829394,0.10517443540064433,0.053034935212643075,FALSE
city_area_weighted_rh,city_area_weighted_rh_lag1,1,0.024759508682396212,0.02176066279701941,0.023675080902698757,0.02475211785687647,0.08043645503076546,0.023744862428017988,FALSE
city_area_weighted_rh,city_area_weighted_rh_lag2,2,0.007453132585773111,0.013857738780097287,0.0149449964270486,0.004557191008443759,0.014796599184467876,0.01045724641171167,FALSE
city_area_weighted_temp_c,city_area_weighted_temp_c_lag5,5,0.37042947888751976,0.3864421821854782,0.3530287698216641,0.2546797431336194,0.8247601325553657,0.3554027027532262,TRUE
city_area_weighted_temp_c,city_area_weighted_temp_c_lag6,6,0.35678510997083024,0.37615169129123294,0.35236989274641267,0.2552315064923774,0.8258271058325456,0.3474812101728898,TRUE
city_area_weighted_temp_c,city_area_weighted_temp_c_lag4,4,0.3649214408466391,0.3753533941746455,0.33971703449132223,0.2450874342816359,0.7943869010168989,0.3460204545587604,TRUE
city_area_weighted_temp_c,city_area_weighted_temp_c_lag3,3,0.35255954456827676,0.36262496319549425,0.32260117028636515,0.24743084401309687,0.8026791924119794,0.3348246345563275,TRUE
city_area_weighted_temp_c,city_area_weighted_temp_c_lag7,7,0.3401511946385785,0.3624619528575956,0.3450117850646532,0.23644752160797491,0.7643822120790682,0.33317831668916037,FALSE
city_area_weighted_temp_c,city_area_weighted_temp_c_lag2,2,0.3285945024078368,0.33624826849222256,0.3033591552720699,0.24175742404061218,0.7849545242363858,0.3138127052528246,FALSE
city_area_weighted_temp_c,city_area_weighted_temp_c_lag8,8,0.31384235123612536,0.3353861684020455,0.3112308610439171,0.2303722123148493,0.7440912821417,0.3081455882625542,FALSE
city_area_weighted_temp_c,city_area_weighted_temp_c_lag1,1,0.309158942526905,0.31310750911423285,0.2639064838905647,0.2552755843771169,0.8295638846653494,0.29427280257893373,FALSE
city_area_weighted_temp_c,city_area_weighted_temp_c_lag9,9,0.28898582369894893,0.31194106386697135,0.31069472354445854,0.20768773716178704,0.6702343078337913,0.28880564767702377,FALSE
city_area_weighted_temp_c,city_area_weighted_temp_c_lag10,10,0.26146157524314284,0.2856700247957096,0.289253914583988,0.21514869638957565,0.693702968595881,0.2681399274728327,FALSE
city_area_weighted_temp_c,city_area_weighted_temp_c_lag11,11,0.2334854543508232,0.25598648802332374,0.27927878384016297,0.20121313418315226,0.6482007794291712,0.24529627193995257,FALSE
city_area_weighted_temp_c,city_area_weighted_temp_c_lag12,12,0.2031282489079633,0.22065087869277325,0.2425084525641356,0.170677257855973,0.5493468288880426,0.21201534750551093,FALSE
city_area_weighted_temp_c,city_area_weighted_temp_c_lag13,13,0.17145786991409742,0.1842500764197735,0.23165088588105476,0.1427040826461113,0.4589067611834452,0.1835343088564123,FALSE
city_area_weighted_temp_c,city_area_weighted_temp_c_lag14,14,0.13907300572341408,0.15051316847221238,0.1971936520048746,0.12002013758580238,0.3856191743998952,0.15169723294441206,FALSE
city_area_weighted_temp_c,city_area_weighted_temp_c_lag15,15,0.09425076028818521,0.10116464899147941,0.15602442282841505,0.06904766616724453,0.22165079476960706,0.1051409918935429,FALSE
city_area_weighted_temp_c,city_area_weighted_temp_c_lag16,16,0.04831872112135012,0.05207297284954227,0.11656483811904436,0.031757412254290095,0.10185457227502569,0.06071972930115687,FALSE
city_area_weighted_temp_c,city_area_weighted_temp_c_lag20,20,0.06640396701125081,0.07004532298628642,0.05252929882047806,0.029110898851080636,0.09303470330449914,0.0592225133874357,FALSE
city_area_weighted_temp_c,city_area_weighted_temp_c_lag19,19,0.040009407282349925,0.04547129121889734,0.005173275839421019,0.03738118769867819,0.11957213019973523,0.03441032268890595,FALSE
city_area_weighted_temp_c,city_area_weighted_temp_c_lag18,18,0.028822153541940454,0.03152289535239006,0.016863250370410036,0.041680935246340194,0.13344465111312703,0.02930944346266432,FALSE
city_area_weighted_temp_c,city_area_weighted_temp_c_lag17,17,0.002792587369133155,0.0042055461573651445,0.04909061790113379,0.006816396322129374,0.021842620091164413,0.013102876307031918,FALSE
city_area_weighted_u_component_of_wind_10m,city_area_weighted_u_component_of_wind_10m_lag1,1,0.2610853780942835,0.25507327413418873,0.3048937880138821,0.16796815188559028,0.5458426940345549,0.25477481559850057,TRUE
city_area_weighted_u_component_of_wind_10m,city_area_weighted_u_component_of_wind_10m_lag20,20,0.2514742468147443,0.271274401373626,0.24208409823485252,0.22771777333478097,0.7277568310666801,0.2527161842954749,TRUE
city_area_weighted_u_component_of_wind_10m,city_area_weighted_u_component_of_wind_10m_lag19,19,0.23574737653712924,0.25627198936241147,0.22528893999817473,0.2247219778398791,0.7188237525357105,0.23890356025593668,TRUE
city_area_weighted_u_component_of_wind_10m,city_area_weighted_u_component_of_wind_10m_lag2,2,0.24045552540062168,0.22831646802195124,0.264401541292435,0.13072288378924463,0.42443999205695643,0.22568097080183036,TRUE
city_area_weighted_u_component_of_wind_10m,city_area_weighted_u_component_of_wind_10m_lag18,18,0.20735090020787356,0.232934104149144,0.2001004115466647,0.21628364978598266,0.692448382961361,0.21564229998811948,FALSE
city_area_weighted_u_component_of_wind_10m,city_area_weighted_u_component_of_wind_10m_lag3,3,0.2184817977269564,0.2036978216494341,0.25065787481275065,0.12015741692293636,0.3897972334259298,0.20622191291120753,FALSE
city_area_weighted_u_component_of_wind_10m,city_area_weighted_u_component_of_wind_10m_lag17,17,0.17695218546177996,0.20315145813893248,0.15532492026726516,0.21006404816730412,0.6731341585773337,0.18616899386644173,FALSE
city_area_weighted_u_component_of_wind_10m,city_area_weighted_u_component_of_wind_10m_lag4,4,0.19725795903614188,0.17773558832337408,0.21925351327629283,0.09263802727836966,0.3002619684876012,0.18047983368421744,FALSE
city_area_weighted_u_component_of_wind_10m,city_area_weighted_u_component_of_wind_10m_lag16,16,0.14536407574491497,0.17653065437406312,0.11007593695674699,0.1949052227318825,0.6251135310844077,0.15576089133888363,FALSE
city_area_weighted_u_component_of_wind_10m,city_area_weighted_u_component_of_wind_10m_lag5,5,0.1710798241639777,0.14520508360244855,0.2138518665285721,0.047753574675642736,0.15464616120835054,0.15356263033154463,FALSE
city_area_weighted_u_component_of_wind_10m,city_area_weighted_u_component_of_wind_10m_lag6,6,0.16292964426163803,0.13378955688387684,0.21240297194245153,0.028135244252771946,0.09103440116875786,0.14397360138998316,FALSE
city_area_weighted_u_component_of_wind_10m,city_area_weighted_u_component_of_wind_10m_lag15,15,0.10674308549962032,0.1389243475787041,0.08779987739210421,0.17606994005936832,0.5652043631401323,0.12362442640183821,FALSE
city_area_weighted_u_component_of_wind_10m,city_area_weighted_u_component_of_wind_10m_lag7,7,0.12821271775198945,0.09847553510815638,0.17877940322945132,0.0035858517811300657,0.011592260728084655,0.11072478191511458,FALSE
city_area_weighted_u_component_of_wind_10m,city_area_weighted_u_component_of_wind_10m_lag14,14,0.0885094418361959,0.11995392783539134,0.05576248226330079,0.17073372996273106,0.5485596115019342,0.10433301263391814,FALSE
city_area_weighted_u_component_of_wind_10m,city_area_weighted_u_component_of_wind_10m_lag8,8,0.09488751609713493,0.06545813562746507,0.1489785186863259,0.008346374530467682,0.026958392544383845,0.08392771905495508,FALSE
city_area_weighted_u_component_of_wind_10m,city_area_weighted_u_component_of_wind_10m_lag13,13,0.05544381392975786,0.08739012096179548,0.025271543722469612,0.13752797946447343,0.4422614862289215,0.0718005026253772,FALSE
city_area_weighted_u_component_of_wind_10m,city_area_weighted_u_component_of_wind_10m_lag9,9,0.06267573787807146,0.0324257762168495,0.11411916734033875,0.03607877797488164,0.1164307297798975,0.06003646455093407,FALSE
city_area_weighted_u_component_of_wind_10m,city_area_weighted_u_component_of_wind_10m_lag10,10,0.03343620019348604,0.002871009639945716,0.06972127046846949,0.054859704123939874,0.17688389601324195,0.034942262399345746,FALSE
city_area_weighted_u_component_of_wind_10m,city_area_weighted_u_component_of_wind_10m_lag12,12,0.01976797424210625,0.04912226513650952,0.004742629027706659,0.07717432140851165,0.24839553497695344,0.034461354055031763,FALSE
city_area_weighted_u_component_of_wind_10m,city_area_weighted_u_component_of_wind_10m_lag11,11,0.005525991711153333,0.024147009472601563,0.04240399980922595,0.06558677246166512,0.21128539763975734,0.027739100442691792,FALSE
city_area_weighted_v_component_of_wind_10m,city_area_weighted_v_component_of_wind_10m_lag1,1,0.3082971442879651,0.3095190571949526,0.3172102030034029,0.2199633463261109,0.7148104221053557,0.29811159992765446,TRUE
city_area_weighted_v_component_of_wind_10m,city_area_weighted_v_component_of_wind_10m_lag2,2,0.2902296946764937,0.2899360902711087,0.29036055125928145,0.19827899228352508,0.6437857815853887,0.27719099272473735,TRUE
city_area_weighted_v_component_of_wind_10m,city_area_weighted_v_component_of_wind_10m_lag3,3,0.2725343002324751,0.2712693482127793,0.28761863675475,0.1925109547649429,0.6245160681259191,0.26395123350807637,TRUE
city_area_weighted_v_component_of_wind_10m,city_area_weighted_v_component_of_wind_10m_lag4,4,0.25647410962697265,0.24998391640739287,0.26534126540818725,0.15627561856051117,0.5065265985794187,0.24189903820567046,TRUE
city_area_weighted_v_component_of_wind_10m,city_area_weighted_v_component_of_wind_10m_lag20,20,0.21927391657645753,0.23884165204164348,0.21974792239583546,0.18369663452743026,0.5870709109174302,0.22050212952812046,FALSE
city_area_weighted_v_component_of_wind_10m,city_area_weighted_v_component_of_wind_10m_lag5,5,0.23750609702600256,0.22683950308641684,0.2480263369469324,0.12117700401165046,0.3924221092291426,0.21944232116272985,FALSE
city_area_weighted_v_component_of_wind_10m,city_area_weighted_v_component_of_wind_10m_lag6,6,0.22289471910378633,0.212225260019359,0.25004116598946846,0.12760884028572209,0.4128911856993268,0.21133136668025423,FALSE
city_area_weighted_v_component_of_wind_10m,city_area_weighted_v_component_of_wind_10m_lag19,19,0.20240311604472125,0.22225271259613838,0.19736513038422007,0.2054727060810088,0.657250630540434,0.20849137825511274,FALSE
city_area_weighted_v_component_of_wind_10m,city_area_weighted_v_component_of_wind_10m_lag18,18,0.18076173457189917,0.1994752615182577,0.1703479529251591,0.18807062339154618,0.602122255571843,0.18602120940602584,FALSE
city_area_weighted_v_component_of_wind_10m,city_area_weighted_v_component_of_wind_10m_lag7,7,0.19253796601669293,0.18155421497943125,0.22647660735693967,0.10224167538924644,0.33052458125768996,0.18288278463094595,FALSE
city_area_weighted_v_component_of_wind_10m,city_area_weighted_v_component_of_wind_10m_lag8,8,0.1606703538610628,0.14848209968551843,0.19685093203728118,0.07293274793236147,0.23556930508704435,0.15136887004250396,FALSE
city_area_weighted_v_component_of_wind_10m,city_area_weighted_v_component_of_wind_10m_lag17,17,0.14522171914325893,0.16262238619548738,0.11103856192898835,0.16132986749385508,0.5169692080029504,0.14657117016068585,FALSE
city_area_weighted_v_component_of_wind_10m,city_area_weighted_v_component_of_wind_10m_lag9,9,0.13249381251762132,0.11682468521071133,0.16947412866653572,0.029144674638059392,0.09405351089589507,0.11979709165642553,FALSE
city_area_weighted_v_component_of_wind_10m,city_area_weighted_v_component_of_wind_10m_lag16,16,0.1056955069702899,0.12613571585919603,0.05956593782696192,0.14564726022073232,0.46712998171592474,0.1090975554800913,FALSE
city_area_weighted_v_component_of_wind_10m,city_area_weighted_v_component_of_wind_10m_lag10,10,0.09884271279867235,0.08408795500262939,0.13554601951445988,0.014674556471877345,0.04731510609675295,0.0891865806320164,FALSE
city_area_weighted_v_component_of_wind_10m,city_area_weighted_v_component_of_wind_10m_lag15,15,0.06386191442922702,0.08426296451259069,0.029916124490237225,0.12238622896031832,0.3928735965642097,0.0724003004741561,FALSE
city_area_weighted_v_component_of_wind_10m,city_area_weighted_v_component_of_wind_10m_lag11,11,0.06257031794467185,0.047800862061301436,0.11159005053912444,0.013652668552427971,0.0439815742676422,0.0606561730998873,FALSE
city_area_weighted_v_component_of_wind_10m,city_area_weighted_v_component_of_wind_10m_lag14,14,0.03235578096843312,0.049782773108666245,0.009506131556223561,0.08660396977395689,0.27825456648207414,0.04145855466822644,FALSE
city_area_weighted_v_component_of_wind_10m,city_area_weighted_v_component_of_wind_10m_lag12,12,0.030526767071150377,0.013803115994397451,0.05462053324252757,0.036291287813065426,0.1168082036482362,0.031325342097171194,FALSE
city_area_weighted_v_component_of_wind_10m,city_area_weighted_v_component_of_wind_10m_lag13,13,0.0013779676551771932,0.02000580170736539,0.022355515182896014,0.07384995477045013,0.23748615287234082,0.022298230253018195,FALSE
city_area_weighted_wind_speed_10m,city_area_weighted_wind_speed_10m_lag20,20,0.18601584574152916,0.19188495591804064,0.1442837977106298,0.12067863201888082,0.3856734478593944,0.170023546326618,TRUE
city_area_weighted_wind_speed_10m,city_area_weighted_wind_speed_10m_lag5,5,0.16075249362603902,0.16688744021547097,0.18320189754855817,0.15129677275891484,0.4899625893993831,0.16626570477601446,TRUE
city_area_weighted_wind_speed_10m,city_area_weighted_wind_speed_10m_lag4,4,0.16496456826077605,0.17037839406272728,0.17184595489028612,0.14365356708759924,0.4656155154010671,0.16534592338692472,TRUE
city_area_weighted_wind_speed_10m,city_area_weighted_wind_speed_10m_lag3,3,0.1627342025688445,0.168842748889037,0.15026643588157418,0.13343192342926857,0.4328604585120258,0.1582206160602488,TRUE
city_area_weighted_wind_speed_10m,city_area_weighted_wind_speed_10m_lag2,2,0.157091887795851,0.1662175853761085,0.14570828901941504,0.1540698828330628,0.5002446237762284,0.15773349282484017,FALSE
city_area_weighted_wind_speed_10m,city_area_weighted_wind_speed_10m_lag19,19,0.16243696651650177,0.16179636230951958,0.10893779615218953,0.09471627488985286,0.3029712926623121,0.14170055523742653,FALSE
city_area_weighted_wind_speed_10m,city_area_weighted_wind_speed_10m_lag18,18,0.15932569572890506,0.15598065202638087,0.12054300254655219,0.09044194731854835,0.2895567011656384,0.1405369293736236,FALSE
city_area_weighted_wind_speed_10m,city_area_weighted_wind_speed_10m_lag1,1,0.14567821466352335,0.15494935382647249,0.11722567947209887,0.12048292346235755,0.39153091085305697,0.13949112470171474,FALSE
city_area_weighted_wind_speed_10m,city_area_weighted_wind_speed_10m_lag17,17,0.15452628293303214,0.14984625099528784,0.10892545156192916,0.09847780080022839,0.3155645724845878,0.13593035425896607,FALSE
city_area_weighted_wind_speed_10m,city_area_weighted_wind_speed_10m_lag16,16,0.1509217284277805,0.14764033241501312,0.11902875425122553,0.08924762311111062,0.2862411587544383,0.1346159038148239,FALSE
city_area_weighted_wind_speed_10m,city_area_weighted_wind_speed_10m_lag6,6,0.13605290118131275,0.13626883563175676,0.14685495332455364,0.07695715911014324,0.24900259722428753,0.129715915965983,FALSE
city_area_weighted_wind_speed_10m,city_area_weighted_wind_speed_10m_lag7,7,0.12072481281154697,0.11890613462781666,0.11805795255151681,0.06969382517202205,0.22530462537955573,0.11226157498955128,FALSE
city_area_weighted_wind_speed_10m,city_area_weighted_wind_speed_10m_lag15,15,0.1219560647461489,0.11967289038711601,0.08575962538603264,0.08567233823057903,0.27501786695169633,0.10888927979341295,FALSE
city_area_weighted_wind_speed_10m,city_area_weighted_wind_speed_10m_lag8,8,0.11081442361277004,0.11117677909542914,0.0984570942984021,0.1078524006713571,0.3483581215294003,0.10842070961207106,FALSE
city_area_weighted_wind_speed_10m,city_area_weighted_wind_speed_10m_lag9,9,0.09101792023512546,0.09421819733962256,0.07788153686433184,0.10084451023003481,0.325437849473532,0.09120645383794274,FALSE
city_area_weighted_wind_speed_10m,city_area_weighted_wind_speed_10m_lag14,14,0.08830994002076901,0.08604177580150917,0.06337965477010854,0.07042899159362244,0.22628510640777258,0.0802112603012354,FALSE
city_area_weighted_wind_speed_10m,city_area_weighted_wind_speed_10m_lag10,10,0.06414554879984782,0.06456511706035334,0.07829595269623774,0.04488799245618138,0.14473215110308957,0.06438066950130325,FALSE
city_area_weighted_wind_speed_10m,city_area_weighted_wind_speed_10m_lag13,13,0.0541821892836718,0.05490685705409305,0.04673359571196267,0.05195513224612568,0.16707694016063,0.05276267140186198,FALSE
city_area_weighted_wind_speed_10m,city_area_weighted_wind_speed_10m_lag11,11,0.023163290416940017,0.021350705594990305,0.03664263919808639,0.017855034130764585,0.057519341829393236,0.024585050274276387,FALSE
city_area_weighted_wind_speed_10m,city_area_weighted_wind_speed_10m_lag12,12,0.0025554098805251183,0.005301995178559917,0.0016706246728416954,0.04589212481070436,0.1477097392119315,0.009870158414256067,FALSE
city_area_weighted_pop_density,city_area_weighted_pop_density_lag20,20,0.3360936355826393,0.2517803153686351,0.21467316672362835,0.10549065686779215,0.33713462529065136,0.25226947651753,TRUE
city_area_weighted_pop_density,city_area_weighted_pop_density_lag19,19,0.33451424977583766,0.24984812533286246,0.21107500267943305,0.10374537674364617,0.3318529045131154,0.25015484497353835,TRUE
city_area_weighted_pop_density,city_area_weighted_pop_density_lag18,18,0.33305924491064376,0.24801733213076893,0.2075110776606342,0.10201818145118106,0.3266188862709401,0.24812361713971662,TRUE
city_area_weighted_pop_density,city_area_weighted_pop_density_lag17,17,0.3300844173434221,0.24508720297352865,0.20398132239031705,0.10028614889016993,0.3213592857551808,0.24523657442525643,TRUE
city_area_weighted_pop_density,city_area_weighted_pop_density_lag16,16,0.32517745056420805,0.24093901847016266,0.20046413823853965,0.09854931043370335,0.3160741749074497,0.24130947484472404,FALSE
city_area_weighted_pop_density,city_area_weighted_pop_density_lag15,15,0.3193362489663097,0.23626287353751096,0.1969433826901848,0.09680769774993396,0.31076362700604304,0.23689538929592607,FALSE
city_area_weighted_pop_density,city_area_weighted_pop_density_lag14,14,0.3144534379261669,0.2321245715864485,0.19341909750266723,0.09506134280633641,0.3054277166829116,0.23297649047597524,FALSE
city_area_weighted_pop_density,city_area_weighted_pop_density_lag13,13,0.30942307509930594,0.22789797955522212,0.18989132525678892,0.09331027787403269,0.30006651994093514,0.22897787165576705,FALSE
city_area_weighted_pop_density,city_area_weighted_pop_density_lag12,12,0.30439023908114765,0.22366680726677546,0.18636010935875819,0.09155453553215669,0.29468011417140255,0.22497543651959168,FALSE
city_area_weighted_pop_density,city_area_weighted_pop_density_lag11,11,0.2979075553267328,0.21863844716855066,0.18282549404238338,0.0897941486722629,0.28926857817168405,0.2202248351601527,FALSE
city_area_weighted_pop_density,city_area_weighted_pop_density_lag10,10,0.2922619945580275,0.2140538078543321,0.1792875243714173,0.08802915050278724,0.28383199216313787,0.21589879357889036,FALSE
city_area_weighted_pop_density,city_area_weighted_pop_density_lag9,9,0.28692979737345947,0.20964068378427517,0.1757462462420624,0.08625957455354188,0.27837043780926884,0.21173234821658116,FALSE
city_area_weighted_pop_density,city_area_weighted_pop_density_lag8,8,0.2809684797078508,0.20487667771017828,0.17220170638562537,0.08448545468026177,0.27288399823396314,0.20723892459318524,FALSE
city_area_weighted_pop_density,city_area_weighted_pop_density_lag7,7,0.2759560817675219,0.20064102527826908,0.1686539523713132,0.08270682506918704,0.2673727580400804,0.20323462181729607,FALSE
city_area_weighted_pop_density,city_area_weighted_pop_density_lag6,6,0.2696920063224094,0.19571065931950035,0.16510303260917053,0.08092372024168142,0.2618368033281505,0.19858232527683148,FALSE
city_area_weighted_pop_density,city_area_weighted_pop_density_lag5,5,0.26392825237394685,0.1910459506221067,0.16154899635315145,0.07913617505889474,0.25627622171526043,0.1941833606559542,FALSE
city_area_weighted_pop_density,city_area_weighted_pop_density_lag4,4,0.25785341265234724,0.1862098994898118,0.15799189370432037,0.07734422472645876,0.25069110235420544,0.18962265052801178,FALSE
city_area_weighted_pop_density,city_area_weighted_pop_density_lag3,3,0.2533065754314128,0.1822383008059321,0.15443177561417304,0.07554790479921662,0.24508153595274138,0.18585462951140938,FALSE
city_area_weighted_pop_density,city_area_weighted_pop_density_lag2,2,0.2484731485585769,0.17809488719933084,0.1508686938880816,0.07374725118598734,0.23944761479304227,0.1819333256314003,FALSE
city_area_weighted_pop_density,city_area_weighted_pop_density_lag1,1,0.24538733396543091,0.17505274295625708,0.1473027011888496,0.07194230015436273,0.23378943275138672,0.17895265057384058,FALSE
city_area_weighted_flood_risk_index,city_area_weighted_flood_risk_index_lag1,1,NA,NA,NA,NA,NA,NA,FALSE
city_area_weighted_flood_risk_index,city_area_weighted_flood_risk_index_lag2,2,NA,NA,NA,NA,NA,NA,FALSE
city_area_weighted_flood_risk_index,city_area_weighted_flood_risk_index_lag3,3,NA,NA,NA,NA,NA,NA,FALSE
city_area_weighted_flood_risk_index,city_area_weighted_flood_risk_index_lag4,4,NA,NA,NA,NA,NA,NA,FALSE
city_area_weighted_flood_risk_index,city_area_weighted_flood_risk_index_lag5,5,NA,NA,NA,NA,NA,NA,FALSE
city_area_weighted_flood_risk_index,city_area_weighted_flood_risk_index_lag6,6,NA,NA,NA,NA,NA,NA,FALSE
city_area_weighted_flood_risk_index,city_area_weighted_flood_risk_index_lag7,7,NA,NA,NA,NA,NA,NA,FALSE
city_area_weighted_flood_risk_index,city_area_weighted_flood_risk_index_lag8,8,NA,NA,NA,NA,NA,NA,FALSE
city_area_weighted_flood_risk_index,city_area_weighted_flood_risk_index_lag9,9,NA,NA,NA,NA,NA,NA,FALSE
city_area_weighted_flood_risk_index,city_area_weighted_flood_risk_index_lag10,10,NA,NA,NA,NA,NA,NA,FALSE
city_area_weighted_flood_risk_index,city_area_weighted_flood_risk_index_lag11,11,NA,NA,NA,NA,NA,NA,FALSE
city_area_weighted_flood_risk_index,city_area_weighted_flood_risk_index_lag12,12,NA,NA,NA,NA,NA,NA,FALSE
city_area_weighted_flood_risk_index,city_area_weighted_flood_risk_index_lag13,13,NA,NA,NA,NA,NA,NA,FALSE
city_area_weighted_flood_risk_index,city_area_weighted_flood_risk_index_lag14,14,NA,NA,NA,NA,NA,NA,FALSE
city_area_weighted_flood_risk_index,city_area_weighted_flood_risk_index_lag15,15,NA,NA,NA,NA,NA,NA,FALSE
city_area_weighted_flood_risk_index,city_area_weighted_flood_risk_index_lag16,16,NA,NA,NA,NA,NA,NA,FALSE
city_area_weighted_flood_risk_index,city_area_weighted_flood_risk_index_lag17,17,NA,NA,NA,NA,NA,NA,FALSE
city_area_weighted_flood_risk_index,city_area_weighted_flood_risk_index_lag18,18,NA,NA,NA,NA,NA,NA,FALSE
city_area_weighted_flood_risk_index,city_area_weighted_flood_risk_index_lag19,19,NA,NA,NA,NA,NA,NA,FALSE
city_area_weighted_flood_risk_index,city_area_weighted_flood_risk_index_lag20,20,NA,NA,NA,NA,NA,NA,FALSE
city_area_weighted_percent_annual_crop,city_area_weighted_percent_annual_crop_lag1,1,NA,NA,NA,NA,NA,NA,FALSE
city_area_weighted_percent_annual_crop,city_area_weighted_percent_annual_crop_lag2,2,NA,NA,NA,NA,NA,NA,FALSE
city_area_weighted_percent_annual_crop,city_area_weighted_percent_annual_crop_lag3,3,NA,NA,NA,NA,NA,NA,FALSE
city_area_weighted_percent_annual_crop,city_area_weighted_percent_annual_crop_lag4,4,NA,NA,NA,NA,NA,NA,FALSE
city_area_weighted_percent_annual_crop,city_area_weighted_percent_annual_crop_lag5,5,NA,NA,NA,NA,NA,NA,FALSE
city_area_weighted_percent_annual_crop,city_area_weighted_percent_annual_crop_lag6,6,NA,NA,NA,NA,NA,NA,FALSE
city_area_weighted_percent_annual_crop,city_area_weighted_percent_annual_crop_lag7,7,NA,NA,NA,NA,NA,NA,FALSE
city_area_weighted_percent_annual_crop,city_area_weighted_percent_annual_crop_lag8,8,NA,NA,NA,NA,NA,NA,FALSE
city_area_weighted_percent_annual_crop,city_area_weighted_percent_annual_crop_lag9,9,NA,NA,NA,NA,NA,NA,FALSE
city_area_weighted_percent_annual_crop,city_area_weighted_percent_annual_crop_lag10,10,NA,NA,NA,NA,NA,NA,FALSE
city_area_weighted_percent_annual_crop,city_area_weighted_percent_annual_crop_lag11,11,NA,NA,NA,NA,NA,NA,FALSE
city_area_weighted_percent_annual_crop,city_area_weighted_percent_annual_crop_lag12,12,NA,NA,NA,NA,NA,NA,FALSE
city_area_weighted_percent_annual_crop,city_area_weighted_percent_annual_crop_lag13,13,NA,NA,NA,NA,NA,NA,FALSE
city_area_weighted_percent_annual_crop,city_area_weighted_percent_annual_crop_lag14,14,NA,NA,NA,NA,NA,NA,FALSE
city_area_weighted_percent_annual_crop,city_area_weighted_percent_annual_crop_lag15,15,NA,NA,NA,NA,NA,NA,FALSE
city_area_weighted_percent_annual_crop,city_area_weighted_percent_annual_crop_lag16,16,NA,NA,NA,NA,NA,NA,FALSE
city_area_weighted_percent_annual_crop,city_area_weighted_percent_annual_crop_lag17,17,NA,NA,NA,NA,NA,NA,FALSE
city_area_weighted_percent_annual_crop,city_area_weighted_percent_annual_crop_lag18,18,NA,NA,NA,NA,NA,NA,FALSE
city_area_weighted_percent_annual_crop,city_area_weighted_percent_annual_crop_lag19,19,NA,NA,NA,NA,NA,NA,FALSE
city_area_weighted_percent_annual_crop,city_area_weighted_percent_annual_crop_lag20,20,NA,NA,NA,NA,NA,NA,FALSE
city_area_weighted_percent_brush_shrubs,city_area_weighted_percent_brush_shrubs_lag1,1,NA,NA,NA,NA,NA,NA,FALSE
city_area_weighted_percent_brush_shrubs,city_area_weighted_percent_brush_shrubs_lag2,2,NA,NA,NA,NA,NA,NA,FALSE
city_area_weighted_percent_brush_shrubs,city_area_weighted_percent_brush_shrubs_lag3,3,NA,NA,NA,NA,NA,NA,FALSE
city_area_weighted_percent_brush_shrubs,city_area_weighted_percent_brush_shrubs_lag4,4,NA,NA,NA,NA,NA,NA,FALSE
city_area_weighted_percent_brush_shrubs,city_area_weighted_percent_brush_shrubs_lag5,5,NA,NA,NA,NA,NA,NA,FALSE
city_area_weighted_percent_brush_shrubs,city_area_weighted_percent_brush_shrubs_lag6,6,NA,NA,NA,NA,NA,NA,FALSE
city_area_weighted_percent_brush_shrubs,city_area_weighted_percent_brush_shrubs_lag7,7,NA,NA,NA,NA,NA,NA,FALSE
city_area_weighted_percent_brush_shrubs,city_area_weighted_percent_brush_shrubs_lag8,8,NA,NA,NA,NA,NA,NA,FALSE
city_area_weighted_percent_brush_shrubs,city_area_weighted_percent_brush_shrubs_lag9,9,NA,NA,NA,NA,NA,NA,FALSE
city_area_weighted_percent_brush_shrubs,city_area_weighted_percent_brush_shrubs_lag10,10,NA,NA,NA,NA,NA,NA,FALSE
city_area_weighted_percent_brush_shrubs,city_area_weighted_percent_brush_shrubs_lag11,11,NA,NA,NA,NA,NA,NA,FALSE
city_area_weighted_percent_brush_shrubs,city_area_weighted_percent_brush_shrubs_lag12,12,NA,NA,NA,NA,NA,NA,FALSE
city_area_weighted_percent_brush_shrubs,city_area_weighted_percent_brush_shrubs_lag13,13,NA,NA,NA,NA,NA,NA,FALSE
city_area_weighted_percent_brush_shrubs,city_area_weighted_percent_brush_shrubs_lag14,14,NA,NA,NA,NA,NA,NA,FALSE
city_area_weighted_percent_brush_shrubs,city_area_weighted_percent_brush_shrubs_lag15,15,NA,NA,NA,NA,NA,NA,FALSE
city_area_weighted_percent_brush_shrubs,city_area_weighted_percent_brush_shrubs_lag16,16,NA,NA,NA,NA,NA,NA,FALSE
city_area_weighted_percent_brush_shrubs,city_area_weighted_percent_brush_shrubs_lag17,17,NA,NA,NA,NA,NA,NA,FALSE
city_area_weighted_percent_brush_shrubs,city_area_weighted_percent_brush_shrubs_lag18,18,NA,NA,NA,NA,NA,NA,FALSE
city_area_weighted_percent_brush_shrubs,city_area_weighted_percent_brush_shrubs_lag19,19,NA,NA,NA,NA,NA,NA,FALSE
city_area_weighted_percent_brush_shrubs,city_area_weighted_percent_brush_shrubs_lag20,20,NA,NA,NA,NA,NA,NA,FALSE
city_area_weighted_percent_built_up,city_area_weighted_percent_built_up_lag1,1,NA,NA,NA,NA,NA,NA,FALSE
city_area_weighted_percent_built_up,city_area_weighted_percent_built_up_lag2,2,NA,NA,NA,NA,NA,NA,FALSE
city_area_weighted_percent_built_up,city_area_weighted_percent_built_up_lag3,3,NA,NA,NA,NA,NA,NA,FALSE
city_area_weighted_percent_built_up,city_area_weighted_percent_built_up_lag4,4,NA,NA,NA,NA,NA,NA,FALSE
city_area_weighted_percent_built_up,city_area_weighted_percent_built_up_lag5,5,NA,NA,NA,NA,NA,NA,FALSE
city_area_weighted_percent_built_up,city_area_weighted_percent_built_up_lag6,6,NA,NA,NA,NA,NA,NA,FALSE
city_area_weighted_percent_built_up,city_area_weighted_percent_built_up_lag7,7,NA,NA,NA,NA,NA,NA,FALSE
city_area_weighted_percent_built_up,city_area_weighted_percent_built_up_lag8,8,NA,NA,NA,NA,NA,NA,FALSE
city_area_weighted_percent_built_up,city_area_weighted_percent_built_up_lag9,9,NA,NA,NA,NA,NA,NA,FALSE
city_area_weighted_percent_built_up,city_area_weighted_percent_built_up_lag10,10,NA,NA,NA,NA,NA,NA,FALSE
city_area_weighted_percent_built_up,city_area_weighted_percent_built_up_lag11,11,NA,NA,NA,NA,NA,NA,FALSE
city_area_weighted_percent_built_up,city_area_weighted_percent_built_up_lag12,12,NA,NA,NA,NA,NA,NA,FALSE
city_area_weighted_percent_built_up,city_area_weighted_percent_built_up_lag13,13,NA,NA,NA,NA,NA,NA,FALSE
city_area_weighted_percent_built_up,city_area_weighted_percent_built_up_lag14,14,NA,NA,NA,NA,NA,NA,FALSE
city_area_weighted_percent_built_up,city_area_weighted_percent_built_up_lag15,15,NA,NA,NA,NA,NA,NA,FALSE
city_area_weighted_percent_built_up,city_area_weighted_percent_built_up_lag16,16,NA,NA,NA,NA,NA,NA,FALSE
city_area_weighted_percent_built_up,city_area_weighted_percent_built_up_lag17,17,NA,NA,NA,NA,NA,NA,FALSE
city_area_weighted_percent_built_up,city_area_weighted_percent_built_up_lag18,18,NA,NA,NA,NA,NA,NA,FALSE
city_area_weighted_percent_built_up,city_area_weighted_percent_built_up_lag19,19,NA,NA,NA,NA,NA,NA,FALSE
city_area_weighted_percent_built_up,city_area_weighted_percent_built_up_lag20,20,NA,NA,NA,NA,NA,NA,FALSE
city_area_weighted_percent_inland_water,city_area_weighted_percent_inland_water_lag1,1,NA,NA,NA,NA,NA,NA,FALSE
city_area_weighted_percent_inland_water,city_area_weighted_percent_inland_water_lag2,2,NA,NA,NA,NA,NA,NA,FALSE
city_area_weighted_percent_inland_water,city_area_weighted_percent_inland_water_lag3,3,NA,NA,NA,NA,NA,NA,FALSE
city_area_weighted_percent_inland_water,city_area_weighted_percent_inland_water_lag4,4,NA,NA,NA,NA,NA,NA,FALSE
city_area_weighted_percent_inland_water,city_area_weighted_percent_inland_water_lag5,5,NA,NA,NA,NA,NA,NA,FALSE
city_area_weighted_percent_inland_water,city_area_weighted_percent_inland_water_lag6,6,NA,NA,NA,NA,NA,NA,FALSE
city_area_weighted_percent_inland_water,city_area_weighted_percent_inland_water_lag7,7,NA,NA,NA,NA,NA,NA,FALSE
city_area_weighted_percent_inland_water,city_area_weighted_percent_inland_water_lag8,8,NA,NA,NA,NA,NA,NA,FALSE
city_area_weighted_percent_inland_water,city_area_weighted_percent_inland_water_lag9,9,NA,NA,NA,NA,NA,NA,FALSE
city_area_weighted_percent_inland_water,city_area_weighted_percent_inland_water_lag10,10,NA,NA,NA,NA,NA,NA,FALSE
city_area_weighted_percent_inland_water,city_area_weighted_percent_inland_water_lag11,11,NA,NA,NA,NA,NA,NA,FALSE
city_area_weighted_percent_inland_water,city_area_weighted_percent_inland_water_lag12,12,NA,NA,NA,NA,NA,NA,FALSE
city_area_weighted_percent_inland_water,city_area_weighted_percent_inland_water_lag13,13,NA,NA,NA,NA,NA,NA,FALSE
city_area_weighted_percent_inland_water,city_area_weighted_percent_inland_water_lag14,14,NA,NA,NA,NA,NA,NA,FALSE
city_area_weighted_percent_inland_water,city_area_weighted_percent_inland_water_lag15,15,NA,NA,NA,NA,NA,NA,FALSE
city_area_weighted_percent_inland_water,city_area_weighted_percent_inland_water_lag16,16,NA,NA,NA,NA,NA,NA,FALSE
city_area_weighted_percent_inland_water,city_area_weighted_percent_inland_water_lag17,17,NA,NA,NA,NA,NA,NA,FALSE
city_area_weighted_percent_inland_water,city_area_weighted_percent_inland_water_lag18,18,NA,NA,NA,NA,NA,NA,FALSE
city_area_weighted_percent_inland_water,city_area_weighted_percent_inland_water_lag19,19,NA,NA,NA,NA,NA,NA,FALSE
city_area_weighted_percent_inland_water,city_area_weighted_percent_inland_water_lag20,20,NA,NA,NA,NA,NA,NA,FALSE
city_area_weighted_percent_open_forest,city_area_weighted_percent_open_forest_lag1,1,NA,NA,NA,NA,NA,NA,FALSE
city_area_weighted_percent_open_forest,city_area_weighted_percent_open_forest_lag2,2,NA,NA,NA,NA,NA,NA,FALSE
city_area_weighted_percent_open_forest,city_area_weighted_percent_open_forest_lag3,3,NA,NA,NA,NA,NA,NA,FALSE
city_area_weighted_percent_open_forest,city_area_weighted_percent_open_forest_lag4,4,NA,NA,NA,NA,NA,NA,FALSE
city_area_weighted_percent_open_forest,city_area_weighted_percent_open_forest_lag5,5,NA,NA,NA,NA,NA,NA,FALSE
city_area_weighted_percent_open_forest,city_area_weighted_percent_open_forest_lag6,6,NA,NA,NA,NA,NA,NA,FALSE
city_area_weighted_percent_open_forest,city_area_weighted_percent_open_forest_lag7,7,NA,NA,NA,NA,NA,NA,FALSE
city_area_weighted_percent_open_forest,city_area_weighted_percent_open_forest_lag8,8,NA,NA,NA,NA,NA,NA,FALSE
city_area_weighted_percent_open_forest,city_area_weighted_percent_open_forest_lag9,9,NA,NA,NA,NA,NA,NA,FALSE
city_area_weighted_percent_open_forest,city_area_weighted_percent_open_forest_lag10,10,NA,NA,NA,NA,NA,NA,FALSE
city_area_weighted_percent_open_forest,city_area_weighted_percent_open_forest_lag11,11,NA,NA,NA,NA,NA,NA,FALSE
city_area_weighted_percent_open_forest,city_area_weighted_percent_open_forest_lag12,12,NA,NA,NA,NA,NA,NA,FALSE
city_area_weighted_percent_open_forest,city_area_weighted_percent_open_forest_lag13,13,NA,NA,NA,NA,NA,NA,FALSE
city_area_weighted_percent_open_forest,city_area_weighted_percent_open_forest_lag14,14,NA,NA,NA,NA,NA,NA,FALSE
city_area_weighted_percent_open_forest,city_area_weighted_percent_open_forest_lag15,15,NA,NA,NA,NA,NA,NA,FALSE
city_area_weighted_percent_open_forest,city_area_weighted_percent_open_forest_lag16,16,NA,NA,NA,NA,NA,NA,FALSE
city_area_weighted_percent_open_forest,city_area_weighted_percent_open_forest_lag17,17,NA,NA,NA,NA,NA,NA,FALSE
city_area_weighted_percent_open_forest,city_area_weighted_percent_open_forest_lag18,18,NA,NA,NA,NA,NA,NA,FALSE
city_area_weighted_percent_open_forest,city_area_weighted_percent_open_forest_lag19,19,NA,NA,NA,NA,NA,NA,FALSE
city_area_weighted_percent_open_forest,city_area_weighted_percent_open_forest_lag20,20,NA,NA,NA,NA,NA,NA,FALSE
city_area_weighted_percent_perennial_crop,city_area_weighted_percent_perennial_crop_lag1,1,NA,NA,NA,NA,NA,NA,FALSE
city_area_weighted_percent_perennial_crop,city_area_weighted_percent_perennial_crop_lag2,2,NA,NA,NA,NA,NA,NA,FALSE
city_area_weighted_percent_perennial_crop,city_area_weighted_percent_perennial_crop_lag3,3,NA,NA,NA,NA,NA,NA,FALSE
city_area_weighted_percent_perennial_crop,city_area_weighted_percent_perennial_crop_lag4,4,NA,NA,NA,NA,NA,NA,FALSE
city_area_weighted_percent_perennial_crop,city_area_weighted_percent_perennial_crop_lag5,5,NA,NA,NA,NA,NA,NA,FALSE
city_area_weighted_percent_perennial_crop,city_area_weighted_percent_perennial_crop_lag6,6,NA,NA,NA,NA,NA,NA,FALSE
city_area_weighted_percent_perennial_crop,city_area_weighted_percent_perennial_crop_lag7,7,NA,NA,NA,NA,NA,NA,FALSE
city_area_weighted_percent_perennial_crop,city_area_weighted_percent_perennial_crop_lag8,8,NA,NA,NA,NA,NA,NA,FALSE
city_area_weighted_percent_perennial_crop,city_area_weighted_percent_perennial_crop_lag9,9,NA,NA,NA,NA,NA,NA,FALSE
city_area_weighted_percent_perennial_crop,city_area_weighted_percent_perennial_crop_lag10,10,NA,NA,NA,NA,NA,NA,FALSE
city_area_weighted_percent_perennial_crop,city_area_weighted_percent_perennial_crop_lag11,11,NA,NA,NA,NA,NA,NA,FALSE
city_area_weighted_percent_perennial_crop,city_area_weighted_percent_perennial_crop_lag12,12,NA,NA,NA,NA,NA,NA,FALSE
city_area_weighted_percent_perennial_crop,city_area_weighted_percent_perennial_crop_lag13,13,NA,NA,NA,NA,NA,NA,FALSE
city_area_weighted_percent_perennial_crop,city_area_weighted_percent_perennial_crop_lag14,14,NA,NA,NA,NA,NA,NA,FALSE
city_area_weighted_percent_perennial_crop,city_area_weighted_percent_perennial_crop_lag15,15,NA,NA,NA,NA,NA,NA,FALSE
city_area_weighted_percent_perennial_crop,city_area_weighted_percent_perennial_crop_lag16,16,NA,NA,NA,NA,NA,NA,FALSE
city_area_weighted_percent_perennial_crop,city_area_weighted_percent_perennial_crop_lag17,17,NA,NA,NA,NA,NA,NA,FALSE
city_area_weighted_percent_perennial_crop,city_area_weighted_percent_perennial_crop_lag18,18,NA,NA,NA,NA,NA,NA,FALSE
city_area_weighted_percent_perennial_crop,city_area_weighted_percent_perennial_crop_lag19,19,NA,NA,NA,NA,NA,NA,FALSE
city_area_weighted_percent_perennial_crop,city_area_weighted_percent_perennial_crop_lag20,20,NA,NA,NA,NA,NA,NA,FALSE
city_area_weighted_percent_open_barren,city_area_weighted_percent_open_barren_lag1,1,NA,NA,NA,NA,NA,NA,FALSE
city_area_weighted_percent_open_barren,city_area_weighted_percent_open_barren_lag2,2,NA,NA,NA,NA,NA,NA,FALSE
city_area_weighted_percent_open_barren,city_area_weighted_percent_open_barren_lag3,3,NA,NA,NA,NA,NA,NA,FALSE
city_area_weighted_percent_open_barren,city_area_weighted_percent_open_barren_lag4,4,NA,NA,NA,NA,NA,NA,FALSE
city_area_weighted_percent_open_barren,city_area_weighted_percent_open_barren_lag5,5,NA,NA,NA,NA,NA,NA,FALSE
city_area_weighted_percent_open_barren,city_area_weighted_percent_open_barren_lag6,6,NA,NA,NA,NA,NA,NA,FALSE
city_area_weighted_percent_open_barren,city_area_weighted_percent_open_barren_lag7,7,NA,NA,NA,NA,NA,NA,FALSE
city_area_weighted_percent_open_barren,city_area_weighted_percent_open_barren_lag8,8,NA,NA,NA,NA,NA,NA,FALSE
city_area_weighted_percent_open_barren,city_area_weighted_percent_open_barren_lag9,9,NA,NA,NA,NA,NA,NA,FALSE
city_area_weighted_percent_open_barren,city_area_weighted_percent_open_barren_lag10,10,NA,NA,NA,NA,NA,NA,FALSE
city_area_weighted_percent_open_barren,city_area_weighted_percent_open_barren_lag11,11,NA,NA,NA,NA,NA,NA,FALSE
city_area_weighted_percent_open_barren,city_area_weighted_percent_open_barren_lag12,12,NA,NA,NA,NA,NA,NA,FALSE
city_area_weighted_percent_open_barren,city_area_weighted_percent_open_barren_lag13,13,NA,NA,NA,NA,NA,NA,FALSE
city_area_weighted_percent_open_barren,city_area_weighted_percent_open_barren_lag14,14,NA,NA,NA,NA,NA,NA,FALSE
city_area_weighted_percent_open_barren,city_area_weighted_percent_open_barren_lag15,15,NA,NA,NA,NA,NA,NA,FALSE
city_area_weighted_percent_open_barren,city_area_weighted_percent_open_barren_lag16,16,NA,NA,NA,NA,NA,NA,FALSE
city_area_weighted_percent_open_barren,city_area_weighted_percent_open_barren_lag17,17,NA,NA,NA,NA,NA,NA,FALSE
city_area_weighted_percent_open_barren,city_area_weighted_percent_open_barren_lag18,18,NA,NA,NA,NA,NA,NA,FALSE
city_area_weighted_percent_open_barren,city_area_weighted_percent_open_barren_lag19,19,NA,NA,NA,NA,NA,NA,FALSE
city_area_weighted_percent_open_barren,city_area_weighted_percent_open_barren_lag20,20,NA,NA,NA,NA,NA,NA,FALSE
city_area_weighted_percent_fishpond,city_area_weighted_percent_fishpond_lag1,1,NA,NA,NA,NA,NA,NA,FALSE
city_area_weighted_percent_fishpond,city_area_weighted_percent_fishpond_lag2,2,NA,NA,NA,NA,NA,NA,FALSE
city_area_weighted_percent_fishpond,city_area_weighted_percent_fishpond_lag3,3,NA,NA,NA,NA,NA,NA,FALSE
city_area_weighted_percent_fishpond,city_area_weighted_percent_fishpond_lag4,4,NA,NA,NA,NA,NA,NA,FALSE
city_area_weighted_percent_fishpond,city_area_weighted_percent_fishpond_lag5,5,NA,NA,NA,NA,NA,NA,FALSE
city_area_weighted_percent_fishpond,city_area_weighted_percent_fishpond_lag6,6,NA,NA,NA,NA,NA,NA,FALSE
city_area_weighted_percent_fishpond,city_area_weighted_percent_fishpond_lag7,7,NA,NA,NA,NA,NA,NA,FALSE
city_area_weighted_percent_fishpond,city_area_weighted_percent_fishpond_lag8,8,NA,NA,NA,NA,NA,NA,FALSE
city_area_weighted_percent_fishpond,city_area_weighted_percent_fishpond_lag9,9,NA,NA,NA,NA,NA,NA,FALSE
city_area_weighted_percent_fishpond,city_area_weighted_percent_fishpond_lag10,10,NA,NA,NA,NA,NA,NA,FALSE
city_area_weighted_percent_fishpond,city_area_weighted_percent_fishpond_lag11,11,NA,NA,NA,NA,NA,NA,FALSE
city_area_weighted_percent_fishpond,city_area_weighted_percent_fishpond_lag12,12,NA,NA,NA,NA,NA,NA,FALSE
city_area_weighted_percent_fishpond,city_area_weighted_percent_fishpond_lag13,13,NA,NA,NA,NA,NA,NA,FALSE
city_area_weighted_percent_fishpond,city_area_weighted_percent_fishpond_lag14,14,NA,NA,NA,NA,NA,NA,FALSE
city_area_weighted_percent_fishpond,city_area_weighted_percent_fishpond_lag15,15,NA,NA,NA,NA,NA,NA,FALSE
city_area_weighted_percent_fishpond,city_area_weighted_percent_fishpond_lag16,16,NA,NA,NA,NA,NA,NA,FALSE
city_area_weighted_percent_fishpond,city_area_weighted_percent_fishpond_lag17,17,NA,NA,NA,NA,NA,NA,FALSE
city_area_weighted_percent_fishpond,city_area_weighted_percent_fishpond_lag18,18,NA,NA,NA,NA,NA,NA,FALSE
city_area_weighted_percent_fishpond,city_area_weighted_percent_fishpond_lag19,19,NA,NA,NA,NA,NA,NA,FALSE
city_area_weighted_percent_fishpond,city_area_weighted_percent_fishpond_lag20,20,NA,NA,NA,NA,NA,NA,FALSE
city_area_weighted_percent_grassland,city_area_weighted_percent_grassland_lag1,1,NA,NA,NA,NA,NA,NA,FALSE
city_area_weighted_percent_grassland,city_area_weighted_percent_grassland_lag2,2,NA,NA,NA,NA,NA,NA,FALSE
city_area_weighted_percent_grassland,city_area_weighted_percent_grassland_lag3,3,NA,NA,NA,NA,NA,NA,FALSE
city_area_weighted_percent_grassland,city_area_weighted_percent_grassland_lag4,4,NA,NA,NA,NA,NA,NA,FALSE
city_area_weighted_percent_grassland,city_area_weighted_percent_grassland_lag5,5,NA,NA,NA,NA,NA,NA,FALSE
city_area_weighted_percent_grassland,city_area_weighted_percent_grassland_lag6,6,NA,NA,NA,NA,NA,NA,FALSE
city_area_weighted_percent_grassland,city_area_weighted_percent_grassland_lag7,7,NA,NA,NA,NA,NA,NA,FALSE
city_area_weighted_percent_grassland,city_area_weighted_percent_grassland_lag8,8,NA,NA,NA,NA,NA,NA,FALSE
city_area_weighted_percent_grassland,city_area_weighted_percent_grassland_lag9,9,NA,NA,NA,NA,NA,NA,FALSE
city_area_weighted_percent_grassland,city_area_weighted_percent_grassland_lag10,10,NA,NA,NA,NA,NA,NA,FALSE
city_area_weighted_percent_grassland,city_area_weighted_percent_grassland_lag11,11,NA,NA,NA,NA,NA,NA,FALSE
city_area_weighted_percent_grassland,city_area_weighted_percent_grassland_lag12,12,NA,NA,NA,NA,NA,NA,FALSE
city_area_weighted_percent_grassland,city_area_weighted_percent_grassland_lag13,13,NA,NA,NA,NA,NA,NA,FALSE
city_area_weighted_percent_grassland,city_area_weighted_percent_grassland_lag14,14,NA,NA,NA,NA,NA,NA,FALSE
city_area_weighted_percent_grassland,city_area_weighted_percent_grassland_lag15,15,NA,NA,NA,NA,NA,NA,FALSE
city_area_weighted_percent_grassland,city_area_weighted_percent_grassland_lag16,16,NA,NA,NA,NA,NA,NA,FALSE
city_area_weighted_percent_grassland,city_area_weighted_percent_grassland_lag17,17,NA,NA,NA,NA,NA,NA,FALSE
city_area_weighted_percent_grassland,city_area_weighted_percent_grassland_lag18,18,NA,NA,NA,NA,NA,NA,FALSE
city_area_weighted_percent_grassland,city_area_weighted_percent_grassland_lag19,19,NA,NA,NA,NA,NA,NA,FALSE
city_area_weighted_percent_grassland,city_area_weighted_percent_grassland_lag20,20,NA,NA,NA,NA,NA,NA,FALSE
city_area_weighted_percent_mangrove_forest,city_area_weighted_percent_mangrove_forest_lag1,1,NA,NA,NA,NA,NA,NA,FALSE
city_area_weighted_percent_mangrove_forest,city_area_weighted_percent_mangrove_forest_lag2,2,NA,NA,NA,NA,NA,NA,FALSE
city_area_weighted_percent_mangrove_forest,city_area_weighted_percent_mangrove_forest_lag3,3,NA,NA,NA,NA,NA,NA,FALSE
city_area_weighted_percent_mangrove_forest,city_area_weighted_percent_mangrove_forest_lag4,4,NA,NA,NA,NA,NA,NA,FALSE
city_area_weighted_percent_mangrove_forest,city_area_weighted_percent_mangrove_forest_lag5,5,NA,NA,NA,NA,NA,NA,FALSE
city_area_weighted_percent_mangrove_forest,city_area_weighted_percent_mangrove_forest_lag6,6,NA,NA,NA,NA,NA,NA,FALSE
city_area_weighted_percent_mangrove_forest,city_area_weighted_percent_mangrove_forest_lag7,7,NA,NA,NA,NA,NA,NA,FALSE
city_area_weighted_percent_mangrove_forest,city_area_weighted_percent_mangrove_forest_lag8,8,NA,NA,NA,NA,NA,NA,FALSE
city_area_weighted_percent_mangrove_forest,city_area_weighted_percent_mangrove_forest_lag9,9,NA,NA,NA,NA,NA,NA,FALSE
city_area_weighted_percent_mangrove_forest,city_area_weighted_percent_mangrove_forest_lag10,10,NA,NA,NA,NA,NA,NA,FALSE
city_area_weighted_percent_mangrove_forest,city_area_weighted_percent_mangrove_forest_lag11,11,NA,NA,NA,NA,NA,NA,FALSE
city_area_weighted_percent_mangrove_forest,city_area_weighted_percent_mangrove_forest_lag12,12,NA,NA,NA,NA,NA,NA,FALSE
city_area_weighted_percent_mangrove_forest,city_area_weighted_percent_mangrove_forest_lag13,13,NA,NA,NA,NA,NA,NA,FALSE
city_area_weighted_percent_mangrove_forest,city_area_weighted_percent_mangrove_forest_lag14,14,NA,NA,NA,NA,NA,NA,FALSE
city_area_weighted_percent_mangrove_forest,city_area_weighted_percent_mangrove_forest_lag15,15,NA,NA,NA,NA,NA,NA,FALSE
city_area_weighted_percent_mangrove_forest,city_area_weighted_percent_mangrove_forest_lag16,16,NA,NA,NA,NA,NA,NA,FALSE
city_area_weighted_percent_mangrove_forest,city_area_weighted_percent_mangrove_forest_lag17,17,NA,NA,NA,NA,NA,NA,FALSE
city_area_weighted_percent_mangrove_forest,city_area_weighted_percent_mangrove_forest_lag18,18,NA,NA,NA,NA,NA,NA,FALSE
city_area_weighted_percent_mangrove_forest,city_area_weighted_percent_mangrove_forest_lag19,19,NA,NA,NA,NA,NA,NA,FALSE
city_area_weighted_percent_mangrove_forest,city_area_weighted_percent_mangrove_forest_lag20,20,NA,NA,NA,NA,NA,NA,FALSE
city_pop_density,city_pop_density_lag20,20,0.33609363558263944,0.2517803153686352,0.2146731667236284,0.10549065686779226,0.33713462529065913,0.25226947651753023,TRUE
city_pop_density,city_pop_density_lag19,19,0.3345142497758378,0.24984812533286263,0.21107500267943305,0.10374537674364648,0.33185290451312316,0.2501548449735386,TRUE
city_pop_density,city_pop_density_lag18,18,0.3330592449106438,0.24801733213076904,0.20751107766063417,0.10201818145118123,0.3266188862709479,0.2481236171397168,TRUE
city_pop_density,city_pop_density_lag17,17,0.33008441734342214,0.24508720297352876,0.203981322390317,0.10028614889017007,0.32135928575518075,0.24523657442525645,TRUE
city_pop_density,city_pop_density_lag16,16,0.32517745056420827,0.24093901847016283,0.2004641382385397,0.09854931043370367,0.3160741749074497,0.2413094748447242,FALSE
city_pop_density,city_pop_density_lag15,15,0.3193362489663098,0.2362628735375112,0.19694338269018485,0.09680769774993418,0.31076362700604304,0.23689538929592618,FALSE
city_pop_density,city_pop_density_lag14,14,0.31445343792616703,0.2321245715864487,0.19341909750266728,0.09506134280633673,0.3054277166829115,0.23297649047597538,FALSE
city_pop_density,city_pop_density_lag13,13,0.30942307509930594,0.22789797955522226,0.18989132525678898,0.09331027787403282,0.30006651994094286,0.2289778716557672,FALSE
city_pop_density,city_pop_density_lag12,12,0.30439023908114754,0.22366680726677535,0.18636010935875819,0.0915545355321565,0.2946801141714025,0.22497543651959157,FALSE
city_pop_density,city_pop_density_lag11,11,0.2979075553267327,0.21863844716855063,0.18282549404238338,0.08979414867226285,0.2892685781716762,0.2202248351601525,FALSE
city_pop_density,city_pop_density_lag10,10,0.2922619945580274,0.21405380785433206,0.17928752437141723,0.0880291505027874,0.2838319921631456,0.21589879357889052,FALSE
city_pop_density,city_pop_density_lag9,9,0.28692979737345936,0.20964068378427503,0.17574624624206225,0.08625957455354188,0.27837043780926884,0.21173234821658105,FALSE
city_pop_density,city_pop_density_lag8,8,0.28096847970785077,0.20487667771017817,0.17220170638562518,0.0844854546802618,0.2728839982339631,0.20723892459318513,FALSE
city_pop_density,city_pop_density_lag7,7,0.27595608176752173,0.20064102527826902,0.16865395237131303,0.0827068250691871,0.2673727580400804,0.20323462181729596,FALSE
city_pop_density,city_pop_density_lag6,6,0.26969200632240936,0.19571065931950038,0.1651030326091704,0.0809237202416816,0.26183680332814274,0.19858232527683134,FALSE
city_pop_density,city_pop_density_lag5,5,0.26392825237394674,0.19104595062210655,0.16154899635315131,0.07913617505889443,0.2562762217152604,0.19418336065595404,FALSE
city_pop_density,city_pop_density_lag4,4,0.25785341265234707,0.1862098994898116,0.15799189370432024,0.07734422472645852,0.2506911023542054,0.1896226505280116,FALSE
city_pop_density,city_pop_density_lag3,3,0.2533065754314127,0.182238300805932,0.15443177561417304,0.07554790479921637,0.2450815359527336,0.1858546295114092,FALSE
city_pop_density,city_pop_density_lag2,2,0.24847314855857677,0.17809488719933075,0.15086869388808138,0.07374725118598723,0.23944761479304225,0.18193332563140013,FALSE
city_pop_density,city_pop_density_lag1,1,0.24538733396543067,0.1750527429562569,0.14730270118884928,0.07194230015436262,0.23378943275139444,0.1789526505738405,FALSE
